expire_at,lap,meta_event,meta_session,meta_source,meta_time,original_vehicle_id,outing,timestamp,vehicle_id,vehicle_number,lap_time_seconds,accx_can,accy_can,aps,gear,nmot,pbrake_f,pbrake_r,speed,Steering_Angle,VBOX_Lat_Min,VBOX_Long_Minutes
,4,I_R07_2025-10-19,R1,kafka:gr-cup-raw,2025-10-18T12:52:49.722Z,GR86-002-000,0,2025-10-18 12:52:48.764000+00:00,GR86-002-000,0,100.362,0.0359190777576853,-0.2429091320072333,78.25445298372514,2.9321880650994574,6499.771428571428,6.815660036166365,6.880906419529837,138.1957268722467,-4.837748643761302,39.79316711425781,-86.23905181884766
,5,I_R07_2025-10-19,R1,kafka:gr-cup-raw,2025-10-18T12:54:33.877Z,GR86-002-000,0,2025-10-18 12:54:29.557000+00:00,GR86-002-000,0,100.793,0.0234388813712223,-0.2283653585926928,76.90513757329725,3.00360847992783,6396.318777292577,6.167873252142535,6.228849797023004,139.03526200873364,-3.694406856111863,39.7931022644043,-86.239013671875
,6,I_R07_2025-10-19,R1,kafka:gr-cup-raw,2025-10-18T12:56:10.555Z,GR86-002-000,0,2025-10-18 12:56:09.493000+00:00,GR86-002-000,0,99.933,0.0176035024696901,-0.2320754378087112,75.84970812752582,2.9456668163448585,6519.339130434782,8.038403682083521,8.102031881454874,139.11151515151516,-5.582263134261338,39.7932243347168,-86.23894500732422
,7,I_R07_2025-10-19,R1,kafka:gr-cup-raw,2025-10-18T12:57:54.424Z,GR86-002-000,0,2025-10-18 12:57:51.465000+00:00,GR86-002-000,0,101.972,0.0124930555555555,-0.2160837673611111,75.93219618055555,2.9422743055555554,6418.940677966101,6.91248046875,6.977291666666667,136.95303609341826,-3.4600694444444446,39.79313659667969,-86.2388687133789
,8,I_R07_2025-10-19,R1,kafka:gr-cup-raw,2025-10-18T12:59:40.894Z,GR86-002-000,0,2025-10-18 12:59:32.462000+00:00,GR86-002-000,0,100.997,0.017120781527531,-0.2245883658969804,74.9315053285968,2.930728241563055,6478.175965665236,7.211523090586145,7.277202486678507,138.29672376873663,-5.181349911190053,39.793113708496094,-86.23893737792969
,9,I_R07_2025-10-19,R1,kafka:gr-cup-raw,2025-10-18T13:01:13.335Z,GR86-002-000,0,2025-10-18 13:01:13.093000+00:00,GR86-002-000,0,100.631,0.0115982142857142,-0.2261169642857143,76.11937499999999,2.9504464285714285,6493.804347826087,9.617823660714285,9.702729910714286,138.62488069414317,-5.72875,39.79310989379883,-86.239013671875
,10,I_R07_2025-10-19,R1,kafka:gr-cup-raw,2025-10-18T13:02:54.316Z,GR86-002-000,0,2025-10-18 13:02:54.078000+00:00,GR86-002-000,0,100.985,0.0111115537848605,-0.2262669322709163,75.31654714475431,2.880920761398849,6555.252676659529,9.569364763169544,9.655803452855244,137.93004310344827,-5.004426737494467,39.79309844970703,-86.2389144897461
,11,I_R07_2025-10-19,R1,kafka:gr-cup-raw,2025-10-18T13:04:34.945Z,GR86-002-000,0,2025-10-18 13:04:34.453000+00:00,GR86-002-000,0,100.375,0.013590806669671,-0.2307223974763407,76.47620549797206,2.965299684542587,6518.1247264770245,8.862690401081569,8.941942316358721,139.246288209607,-3.001622352410996,39.793155670166016,-86.23900604248047
,12,I_R07_2025-10-19,R1,kafka:gr-cup-raw,2025-10-18T13:06:16.661Z,GR86-002-000,0,2025-10-18 13:06:14.973000+00:00,GR86-002-000,0,100.52,0.0139349593495934,-0.2195365853658536,76.57746160794942,2.9444444444444446,6483.058695652174,9.288206865401987,9.371291779584462,138.39507625272333,-2.8981933152664863,39.79310607910156,-86.23902130126953
,13,I_R07_2025-10-19,R1,kafka:gr-cup-raw,2025-10-18T13:07:55.749Z,GR86-002-000,0,2025-10-18 13:07:55.364000+00:00,GR86-002-000,0,100.391,0.0146228109564436,-0.2311463852716659,76.87786708576562,2.937584193982937,6512.024017467249,9.801841041760216,9.885790300853165,138.92308855291577,-4.706421194431972,39.79313659667969,-86.23897552490234
,18,I_R07_2025-10-19,R1,kafka:gr-cup-raw,2025-10-18T13:19:14.382Z,GR86-002-000,0,2025-10-18 13:19:13.303000+00:00,GR86-002-000,0,102.837,0.0134101123595505,-0.2250142610198789,75.84058772687986,2.869922212618842,6462.354430379747,6.002175885911841,6.084241573033708,135.73211416490486,-4.645030250648229,39.793174743652344,-86.2389144897461
,19,I_R07_2025-10-19,R1,kafka:gr-cup-raw,2025-10-18T13:20:59.987Z,GR86-002-000,0,2025-10-18 13:20:55.053000+00:00,GR86-002-000,0,101.75,0.0073854482459939,-0.2260251190991771,73.2875140753573,2.9003897791251623,6476.473460721868,6.178425725422261,6.25267431788653,137.34545647558386,-3.623126894759636,39.793155670166016,-86.23885345458984
,20,I_R07_2025-10-19,R1,kafka:gr-cup-raw,2025-10-18T13:22:37.142Z,GR86-002-000,0,2025-10-18 13:22:36.531000+00:00,GR86-002-000,0,101.478,0.0117236727589208,-0.2270922541340295,77.23330287206267,2.8977371627502175,6489.16170212766,6.950419930374239,7.03263272410792,137.66655319148936,-4.530939947780679,39.793113708496094,-86.2388687133789
,21,I_R07_2025-10-19,R1,kafka:gr-cup-raw,2025-10-18T13:24:19.241Z,GR86-002-000,0,2025-10-18 13:24:17.893000+00:00,GR86-002-000,0,101.362,0.0131846767050487,-0.2275540301151461,76.59622232063772,2.8906111603188664,6518.792291220557,6.505303365810452,6.5683591674047825,137.80327623126337,-3.058768821966342,39.793155670166016,-86.23889923095703
,22,I_R07_2025-10-19,R1,kafka:gr-cup-raw,2025-10-18T13:25:59.296Z,GR86-002-000,0,2025-10-18 13:25:58.673000+00:00,GR86-002-000,0,100.78,0.0127301936619718,-0.2287174295774647,76.33498679577464,2.9163732394366195,6535.538626609442,9.515924295774647,9.617810299295774,138.72648706896553,-3.4474911971830986,39.79316711425781,-86.23890686035156
,23,I_R07_2025-10-19,R1,kafka:gr-cup-raw,2025-10-18T13:27:39.323Z,GR86-002-000,0,2025-10-18 13:27:39.173000+00:00,GR86-002-000,0,100.5,0.0128844943820224,-0.2316889887640449,75.99286292134832,2.899325842696629,6548.264642082429,8.740148314606742,8.830047191011236,138.31122270742358,-2.4871460674157304,39.79315948486328,-86.2389907836914
,24,I_R07_2025-10-19,R1,kafka:gr-cup-raw,2025-10-18T13:29:20.183Z,GR86-002-000,0,2025-10-18 13:29:19.578000+00:00,GR86-002-000,0,100.405,0.0413138686131386,-0.2327125912408759,79.1093704379562,2.9452554744525545,6493.506666666667,6.505059306569343,6.580141423357664,137.98041942604857,-2.852235401459854,39.79313659667969,-86.23895263671875
,25,I_R07_2025-10-19,R1,kafka:gr-cup-raw,2025-10-18T13:31:05.195Z,GR86-002-000,0,2025-10-18 13:31:00.265000+00:00,GR86-002-000,0,100.687,0.0078336314847942,-0.2265071556350626,77.34199910554561,2.966457960644007,6423.004338394794,9.58516100178891,9.692016994633274,138.3038611713666,-3.8127906976744184,39.79313278198242,-86.23893737792969
,26,I_R07_2025-10-19,R1,kafka:gr-cup-raw,2025-10-18T13:32:41.942Z,GR86-002-000,0,2025-10-18 13:32:41.423000+00:00,GR86-002-000,0,101.158,0.0157030625832223,-0.220415889924545,76.14461162893919,2.979138925876609,6432.303879310345,6.968215712383488,7.047294718153573,138.08625806451613,-2.990013315579228,39.79313278198242,-86.23883056640625
,27,I_R07_2025-10-19,R1,kafka:gr-cup-raw,2025-10-18T13:34:24.366Z,GR86-002-000,0,2025-10-18 13:34:23.164000+00:00,GR86-002-000,0,101.741,0.0320552312528064,-0.2285473731477323,76.83397395599462,2.886843286933094,6465.252173913043,5.816360574764257,5.889804669959586,136.51864332603938,-2.3256398742703186,39.793182373046875,-86.23884582519531
,28,I_R07_2025-10-19,R1,kafka:gr-cup-raw,2025-10-18T13:36:08.123Z,GR86-002-000,0,2025-10-18 13:36:04.246000+00:00,GR86-002-000,0,101.082,0.0067639138240574,-0.2095745062836624,76.12530071813286,2.896319569120287,6475.015384615384,9.840471274685816,9.944510771992816,137.33539473684212,-4.726929982046679,39.79314041137695,-86.23887634277344
,5,I_R07_2025-10-19,R1,kafka:gr-cup-raw,2025-10-18T12:54:58.796Z,GR86-060-2,0,2025-10-18 12:54:35.863000+00:00,GR86-060-2,2,101.809,0.0027859368046283,-0.2390169114374722,74.21350244770805,2.8642634623943035,6469.103813559322,7.564178905206942,7.645714285714287,136.26010593220337,-4.354784156653316,39.793251037597656,-86.23892974853516
,7,I_R07_2025-10-19,R1,kafka:gr-cup-raw,2025-10-18T12:58:10.830Z,GR86-060-2,0,2025-10-18 12:58:02.346000+00:00,GR86-060-2,2,101.705,0.0033732269503546,-0.2201077127659574,75.13227393617021,2.838209219858156,6578.5297872340425,9.767293882978723,9.866307624113476,137.54957537154988,-3.998448581560284,39.79312515258789,-86.23895263671875
,8,I_R07_2025-10-19,R1,kafka:gr-cup-raw,2025-10-18T12:59:45.280Z,GR86-060-2,0,2025-10-18 12:59:44.077000+00:00,GR86-060-2,2,101.731,0.0009059633027522,-0.2280201834862385,72.67451376146789,2.811926605504587,6535.771739130435,7.646974770642201,7.760004587155964,136.19069565217393,-4.301100917431192,39.79314804077149,-86.23894500732422
,11,I_R07_2025-10-19,R1,kafka:gr-cup-raw,2025-10-18T13:04:52.975Z,GR86-060-2,0,2025-10-18 13:04:52.288000+00:00,GR86-060-2,2,101.606,0.0043347107438016,-0.2349444444444444,74.99234618916437,2.8282828282828283,6520.655021834061,6.652943067033976,6.7613682277318645,136.26850000000002,-7.409641873278237,39.79317092895508,-86.23893737792969
,12,I_R07_2025-10-19,R1,kafka:gr-cup-raw,2025-10-18T13:06:35.720Z,GR86-060-2,0,2025-10-18 13:06:33.869000+00:00,GR86-060-2,2,101.581,0.001124488868696,-0.2201317582916856,73.81332121762834,2.97228532485234,6424.898924731183,6.403484779645615,6.513811903680145,137.22705627705628,-6.559745570195366,39.79318618774414,-86.23893737792969
,13,I_R07_2025-10-19,R1,kafka:gr-cup-raw,2025-10-18T13:08:17.144Z,GR86-060-2,0,2025-10-18 13:08:15.257000+00:00,GR86-060-2,2,101.388,0.0057999110715873,-0.2235406847487772,74.23345486883059,2.897287683414851,6505.372340425532,6.697376611827479,6.805437972432192,137.47827292110873,-9.454201867496666,39.79317092895508,-86.23892974853516
,18,I_R07_2025-10-19,R1,kafka:gr-cup-raw,2025-10-18T13:19:18.001Z,GR86-060-2,0,2025-10-18 13:19:16.878000+00:00,GR86-060-2,2,103.338,-0.0004390350877192,-0.2214609649122807,72.89552192982457,2.8390350877192985,6478.401673640167,5.922734649122807,6.009934210526316,135.44882845188286,-7.989254385964912,39.79315185546875,-86.2388916015625
,19,I_R07_2025-10-19,R1,kafka:gr-cup-raw,2025-10-18T13:21:00.110Z,GR86-060-2,0,2025-10-18 13:20:58.649000+00:00,GR86-060-2,2,101.771,0.0160538075695394,-0.2241285909712722,74.7036434108527,2.8714090287277703,6508.670258620689,6.383372093023256,6.480718194254446,136.8931681034483,-5.144414044687643,39.793155670166016,-86.23892211914062
,20,I_R07_2025-10-19,R1,kafka:gr-cup-raw,2025-10-18T13:22:41.395Z,GR86-060-2,0,2025-10-18 13:22:40.142000+00:00,GR86-060-2,2,101.493,0.0047878113879003,-0.2272433274021352,74.18511120996442,2.9048042704626336,6488.055201698514,6.443240658362989,6.540231316725979,137.92968085106384,-6.6487989323843415,39.79316711425781,-86.23889923095703
,21,I_R07_2025-10-19,R1,kafka:gr-cup-raw,2025-10-18T13:24:24.559Z,GR86-060-2,0,2025-10-18 13:24:21.929000+00:00,GR86-060-2,2,101.787,0.0210105263157894,-0.2321345537757437,74.3197986270023,2.8846681922196797,6509.522483940043,5.568821510297483,5.6557048054919905,136.946008583691,-7.287643020594966,39.793155670166016,-86.23892974853516
,22,I_R07_2025-10-19,R1,kafka:gr-cup-raw,2025-10-18T13:26:07.040Z,GR86-060-2,0,2025-10-18 13:26:03.354000+00:00,GR86-060-2,2,101.425,0.0104180064308681,-0.234453835553514,76.63471750114837,2.9559026182820394,6398.967248908297,7.607740009186954,7.705045934772622,137.03169934640525,-8.285025264124943,39.79316711425781,-86.23892974853516
,23,I_R07_2025-10-19,R1,kafka:gr-cup-raw,2025-10-18T13:27:47.790Z,GR86-060-2,0,2025-10-18 13:27:46.774000+00:00,GR86-060-2,2,103.42,0.0020251983201119,-0.2149958002799813,74.32147456836212,2.852543163789081,6420.289130434782,7.925160989267382,8.030305646290246,135.5541648590022,-6.22435837610826,39.79313659667969,-86.23892974853516
,25,I_R07_2025-10-19,R1,kafka:gr-cup-raw,2025-10-18T13:31:10.292Z,GR86-060-2,0,2025-10-18 13:31:09.849000+00:00,GR86-060-2,2,101.511,0.0227148097203117,-0.2293814763869784,75.49491517652453,2.9440623567171023,6412.144396551724,5.642615772581385,5.7320678587803755,137.11431330472104,-5.278679504814306,39.793182373046875,-86.23894500732422
,26,I_R07_2025-10-19,R1,kafka:gr-cup-raw,2025-10-18T13:32:52.354Z,GR86-060-2,0,2025-10-18 13:32:51.289000+00:00,GR86-060-2,2,101.44,0.0059635173058933,-0.204710944808232,75.69644059869036,2.8554724041159965,6520.17211328976,7.0101870907390085,7.119202525724976,137.20013129102844,-6.325537885874649,39.79314041137695,-86.23885345458984
,27,I_R07_2025-10-19,R1,kafka:gr-cup-raw,2025-10-18T13:34:35.249Z,GR86-060-2,0,2025-10-18 13:34:33.759000+00:00,GR86-060-2,2,102.47,0.007786355475763,-0.2218379712746858,73.29887342908438,2.8689407540394973,6472.130801687764,7.891644973070018,8.05947262118492,136.17759493670886,-7.63770197486535,39.79317092895508,-86.23894500732422
,28,I_R07_2025-10-19,R1,kafka:gr-cup-raw,2025-10-18T13:36:16.448Z,GR86-060-2,0,2025-10-18 13:36:16.049000+00:00,GR86-060-2,2,102.29,0.0081715817694369,-0.2262412868632708,74.33236818588024,2.8194816800714926,6532.551797040169,7.192982573726542,7.3169034852546915,136.44319915254238,-7.080026809651475,39.79314422607422,-86.23893737792969
,8,I_R07_2025-10-19,R1,kafka:gr-cup-raw,2025-10-18T12:59:45.993Z,GR86-040-3,0,2025-10-18 12:59:45.306000+00:00,GR86-040-3,3,99.248,0.0439697658558763,-0.2240238690611502,75.44986133212093,3.045919527165265,6281.488247863248,7.834132757444873,7.93480677426688,137.26916577540106,-7.721141168447375,39.79309844970703,-86.23896789550781
,23,I_R07_2025-10-19,R1,kafka:gr-cup-raw,2025-10-18T13:27:47.687Z,GR86-040-3,0,2025-10-18 13:27:47.526000+00:00,GR86-040-3,3,96.359,0.0410763873286901,-0.2251296337901595,75.13752864524827,3.035497640979555,6282.727369542066,7.553409346214334,7.65763648618288,137.14825717321995,-5.27481464839362,39.79314041137695,-86.23895263671875
,7,I_R07_2025-10-19,R1,kafka:gr-cup-raw,2025-10-18T12:58:11.144Z,GR86-065-5,0,2025-10-18 12:58:01.574000+00:00,GR86-065-5,5,101.642,0.0118237459733087,-0.2181596870685687,74.88415094339624,3.103543488265071,6265.2639484978545,7.300363552692131,7.172908421537046,138.15229122055675,-7.1782328578002765,39.79313659667969,-86.23892974853516
,8,I_R07_2025-10-19,R1,kafka:gr-cup-raw,2025-10-18T12:59:45.125Z,GR86-065-5,0,2025-10-18 12:59:44.082000+00:00,GR86-065-5,5,102.508,0.0058685661764705,-0.220141544117647,73.29285845588235,3.0064338235294117,6283.576271186441,7.118825827205883,6.993540900735294,136.3086046511628,-5.0613970588235295,39.79314804077149,-86.23892974853516
,11,I_R07_2025-10-19,R1,kafka:gr-cup-raw,2025-10-18T13:04:51.550Z,GR86-065-5,0,2025-10-18 13:04:51.290000+00:00,GR86-065-5,5,101.428,0.0174421101774042,-0.2254943977591036,74.57336134453782,3.061157796451914,6291.904967602592,6.348508403361344,6.2333590102707745,137.93509677419354,-5.985247432306256,39.79317092895508,-86.23892974853516
,12,I_R07_2025-10-19,R1,kafka:gr-cup-raw,2025-10-18T13:06:32.964Z,GR86-065-5,0,2025-10-18 13:06:32.731000+00:00,GR86-065-5,5,101.398,0.0144958139534883,-0.2144618604651162,73.44314883720929,3.0511627906976746,6299.324675324675,6.221730232558139,6.08929534883721,137.35250539956803,-9.625534883720931,39.79320526123047,-86.23893737792969
,13,I_R07_2025-10-19,R1,kafka:gr-cup-raw,2025-10-18T13:08:14.992Z,GR86-065-5,0,2025-10-18 13:08:14.463000+00:00,GR86-065-5,5,101.732,0.0113110004526935,-0.2249529198732458,74.34871887732005,3.0706201901312813,6293.334047109208,6.6995835219556366,6.568483476686284,137.91882729211088,-9.46545948392938,39.79311752319336,-86.23892974853516
,20,I_R07_2025-10-19,R1,kafka:gr-cup-raw,2025-10-18T13:22:41.239Z,GR86-065-5,0,2025-10-18 13:22:38.539000+00:00,GR86-065-5,5,100.952,0.0094806451612903,-0.2380364055299539,73.63914746543779,3.123963133640553,6275.507559395249,7.333460829493088,7.197276497695853,138.82452586206898,-11.009493087557605,39.79314422607422,-86.2388916015625
,22,I_R07_2025-10-19,R1,kafka:gr-cup-raw,2025-10-18T13:26:06.841Z,GR86-065-5,0,2025-10-18 13:26:02.663000+00:00,GR86-065-5,5,101.543,0.0122659671532846,-0.2208015510948905,71.38837591240876,3.0625,6292.708779443255,6.654580291970803,6.527294708029197,138.01991416309014,-9.431067518248176,39.79313659667969,-86.23893737792969
,24,I_R07_2025-10-19,R1,kafka:gr-cup-raw,2025-10-18T13:29:25.269Z,GR86-065-5,0,2025-10-18 13:29:25.063000+00:00,GR86-065-5,5,100.991,0.016990366972477,-0.224638990825688,74.99633027522935,3.1073394495412843,6300.071120689655,7.360470183486239,7.16447247706422,138.8650322580645,-8.338761467889908,39.79317855834961,-86.23892211914062
,3,I_R07_2025-10-19,R1,kafka:gr-cup-raw,2025-10-18T12:51:06.651Z,GR86-006-7,0,2025-10-18 12:51:05.926000+00:00,GR86-006-7,7,103.482,0.0199744155271283,-0.2256859285399206,77.36702690780767,2.9788266431407147,6291.830835117773,7.598822232024702,7.714779444199382,135.74825531914894,-11.910366122629023,39.79310607910156,-86.2388916015625
,4,I_R07_2025-10-19,R1,kafka:gr-cup-raw,2025-10-18T12:52:49.344Z,GR86-006-7,0,2025-10-18 12:52:46.204000+00:00,GR86-006-7,7,100.278,0.0055966117216117,-0.2403337912087912,76.94968864468865,3.093864468864469,6339.89010989011,8.376991758241758,8.494624542124543,139.86112087912088,-10.648076923076925,39.793155670166016,-86.23894500732422
,5,I_R07_2025-10-19,R1,kafka:gr-cup-raw,2025-10-18T12:54:33.198Z,GR86-006-7,0,2025-10-18 12:54:27.168000+00:00,GR86-006-7,7,100.956,0.0125464801444043,-0.2368930505415162,77.5320261732852,3.0934115523465704,6305.137634408602,7.291035649819494,7.410798736462095,138.8901505376344,-9.923826714801445,39.79309844970703,-86.23897552490234
,6,I_R07_2025-10-19,R1,kafka:gr-cup-raw,2025-10-18T12:56:10.116Z,GR86-006-7,0,2025-10-18 12:56:07.488000+00:00,GR86-006-7,7,100.32,0.0255690607734806,-0.2367697974217311,77.98552946593003,3.102670349907919,6334.0,6.817645027624309,6.927822283609577,139.4154,-9.97205340699816,39.79315948486328,-86.23896026611328
,7,I_R07_2025-10-19,R1,kafka:gr-cup-raw,2025-10-18T12:57:48.762Z,GR86-006-7,0,2025-10-18 12:57:48.340000+00:00,GR86-006-7,7,100.852,0.0181960088691796,-0.2310616407982261,77.66869179600887,3.054988913525499,6331.640086206897,7.322756097560975,7.439629711751664,138.6115948275862,-8.875920177383593,39.79316329956055,-86.23893737792969
,8,I_R07_2025-10-19,R1,kafka:gr-cup-raw,2025-10-18T12:59:41.272Z,GR86-006-7,0,2025-10-18 12:59:28.696000+00:00,GR86-006-7,7,100.356,0.0142617633622658,-0.2315847418912745,76.63811786203746,3.070808588396528,6364.263157894737,7.544954317039744,7.665134764732755,139.3812362030905,-10.773458200091367,39.7930908203125,-86.23897552490234
,9,I_R07_2025-10-19,R1,kafka:gr-cup-raw,2025-10-18T13:01:10.337Z,GR86-006-7,0,2025-10-18 13:01:09.078000+00:00,GR86-006-7,7,100.382,0.0129632945389435,-0.243775290957923,76.8271709937332,3.0658012533572068,6358.611231101512,7.697873769024172,7.823610116383169,139.6115367965368,-10.216562220232769,39.793087005615234,-86.23896789550781
,10,I_R07_2025-10-19,R1,kafka:gr-cup-raw,2025-10-18T13:02:50.568Z,GR86-006-7,0,2025-10-18 13:02:49.358000+00:00,GR86-006-7,7,100.28,0.0148431460674157,-0.2380076404494382,77.69866966292135,3.0719101123595505,6358.618221258134,7.51103595505618,7.634375280898877,139.67839826839827,-10.361393258426968,39.79314804077149,-86.23890686035156
,11,I_R07_2025-10-19,R1,kafka:gr-cup-raw,2025-10-18T13:04:30.237Z,GR86-006-7,0,2025-10-18 13:04:29.835000+00:00,GR86-006-7,7,100.477,0.0088921217547,-0.2393988361683079,76.76422560429722,3.0760966875559537,6341.012958963283,7.686448075201433,7.811571172784244,139.290626349892,-11.052551477170994,39.793155670166016,-86.23893737792969
,12,I_R07_2025-10-19,R1,kafka:gr-cup-raw,2025-10-18T13:06:11.729Z,GR86-006-7,0,2025-10-18 13:06:10.878000+00:00,GR86-006-7,7,101.043,0.0094209103199639,-0.2371590806669671,75.7791707976566,3.0680486705723298,6315.410869565218,7.103904912122578,7.2372127084272195,138.76978213507627,-9.900225326723753,39.793155670166016,-86.23890686035156
,13,I_R07_2025-10-19,R1,kafka:gr-cup-raw,2025-10-18T13:07:52.411Z,GR86-006-7,0,2025-10-18 13:07:51.756000+00:00,GR86-006-7,7,100.878,0.0107141588992454,-0.2337909454061251,78.1750022192632,3.0674656014203285,6327.98064516129,8.382352418996893,8.51841766533511,138.4608423326134,-10.316777629826898,39.793155670166016,-86.23887634277344
,5,I_R07_2025-10-19,R1,kafka:gr-cup-raw,2025-10-18T12:54:59.529Z,GR86-035-11,0,2025-10-18 12:54:37.933000+00:00,GR86-035-11,11,102.512,-0.0003530950305143,-0.231077593722755,72.76602877070619,2.9603312990409765,6369.41313559322,8.526279424585876,8.622968613775065,136.49692144373674,-6.414428945074107,39.79312896728515,-86.23905944824219
,6,I_R07_2025-10-19,R1,kafka:gr-cup-raw,2025-10-18T12:56:22.425Z,GR86-035-11,0,2025-10-18 12:56:21.115000+00:00,GR86-035-11,11,103.178,0.0057220767888307,-0.2257530541012216,72.68212041884817,2.993455497382199,6271.4631578947365,7.418534031413612,7.52094022687609,136.01004192872117,-5.907417102966842,39.79314041137695,-86.23895263671875
,8,I_R07_2025-10-19,R1,kafka:gr-cup-raw,2025-10-18T13:01:31.912Z,GR86-035-11,0,2025-10-18 13:01:29.650000+00:00,GR86-035-11,11,102.871,0.0007517361111111,-0.2418072916666666,73.13670572916666,2.9375,6405.350318471337,9.040416666666664,9.170260416666666,136.50938428874736,-8.021006944444444,39.7931022644043,-86.23897552490234
,10,I_R07_2025-10-19,R1,kafka:gr-cup-raw,2025-10-18T13:04:54.664Z,GR86-035-11,0,2025-10-18 13:04:54.475000+00:00,GR86-035-11,11,101.16,-0.0022691292875989,-0.2282845206684257,73.77619613016711,2.9520668425681618,6444.894849785408,7.955035180299032,8.090228671943711,137.7504731182796,-4.485048372911169,39.79315185546875,-86.23906707763672
,11,I_R07_2025-10-19,R1,kafka:gr-cup-raw,2025-10-18T13:06:37.526Z,GR86-035-11,0,2025-10-18 13:06:36.883000+00:00,GR86-035-11,11,102.408,0.0038315835520559,-0.2356404199475065,73.92133420822398,2.9335083114610674,6408.502109704641,7.002703412073491,7.134879702537183,136.8736152219873,-5.406299212598426,39.79310989379883,-86.239013671875
,12,I_R07_2025-10-19,R1,kafka:gr-cup-raw,2025-10-18T13:08:19.790Z,GR86-035-11,0,2025-10-18 13:08:19.163000+00:00,GR86-035-11,11,102.28,0.0022465217391304,-0.2389426086956521,71.95212608695653,2.909565217391304,6451.126582278481,7.644189130434782,7.768136956521739,136.68620253164556,-3.99,39.793174743652344,-86.23902130126953
,17,I_R07_2025-10-19,R1,kafka:gr-cup-raw,2025-10-18T13:19:19.358Z,GR86-035-11,0,2025-10-18 13:19:17.853000+00:00,GR86-035-11,11,102.777,0.0002703881378107,-0.2381822939380724,72.5831530745748,2.9027474923680767,6377.080338266384,6.325058874836459,6.4264805931094635,135.66421610169493,-7.173440907108592,39.79317092895508,-86.23905181884766
,18,I_R07_2025-10-19,R1,kafka:gr-cup-raw,2025-10-18T13:21:01.248Z,GR86-035-11,0,2025-10-18 13:21:00.467000+00:00,GR86-035-11,11,102.614,-0.003690414507772,-0.2343398100172711,72.91178324697755,2.9404145077720205,6380.052521008403,7.389514248704664,7.503976683937824,136.14567226890756,-6.725518134715027,39.793155670166016,-86.23897552490234
,19,I_R07_2025-10-19,R1,kafka:gr-cup-raw,2025-10-18T13:22:43.437Z,GR86-035-11,0,2025-10-18 13:22:43.226000+00:00,GR86-035-11,11,102.759,0.0017771084337349,-0.2338846815834767,71.5385370051635,2.9780550774526677,6384.229957805907,7.684126506024096,7.797816265060241,137.1595588235294,-5.848709122203098,39.79310989379883,-86.2388916015625
,22,I_R07_2025-10-19,R1,kafka:gr-cup-raw,2025-10-18T13:27:52.257Z,GR86-035-11,0,2025-10-18 13:27:51.950000+00:00,GR86-035-11,11,102.389,0.0041712299000434,-0.2460152107779226,71.70592785745328,2.8687527162103432,6502.236286919831,5.936308126901347,6.047246849196002,136.85807610993658,-6.276401564537157,39.79310989379883,-86.23896789550781
,23,I_R07_2025-10-19,R1,kafka:gr-cup-raw,2025-10-18T13:29:35.013Z,GR86-035-11,0,2025-10-18 13:29:34.152000+00:00,GR86-035-11,11,102.202,-0.000253744493392,-0.2475550660792951,72.37965638766521,2.871806167400881,6491.766094420601,6.8798281938326,6.9947224669603525,136.59831196581197,-5.392246696035242,39.79312896728515,-86.23896026611328
,25,I_R07_2025-10-19,R1,kafka:gr-cup-raw,2025-10-18T13:33:27.312Z,GR86-035-11,0,2025-10-18 13:33:01.895000+00:00,GR86-035-11,11,103.722,-0.001703198294243,-0.2347488272921108,70.88396588486141,2.826012793176972,6511.675,5.554965884861407,5.664394456289979,135.52395833333333,-6.797441364605544,39.79309844970703,-86.23890686035156
,26,I_R07_2025-10-19,R1,kafka:gr-cup-raw,2025-10-18T13:34:52.138Z,GR86-035-11,0,2025-10-18 13:34:45.164000+00:00,GR86-035-11,11,103.269,-0.0061836909871244,-0.2334965665236051,72.05682832618025,2.9206008583690988,6367.6625,5.73574678111588,5.847175965665236,135.71351464435145,-6.283862660944206,39.79312896728515,-86.23893737792969
,4,I_R07_2025-10-19,R1,kafka:gr-cup-raw,2025-10-18T12:52:49.423Z,GR86-022-13,0,2025-10-18 12:52:47.375000+00:00,GR86-022-13,13,100.106,0.0614213098729227,-0.2676911045943304,79.83609970674487,3.0879765395894427,6378.7528604119,5.693587487781036,5.768636363636364,140.0564611872146,-8.127077223851417,39.79316329956055,-86.23895263671875
,5,I_R07_2025-10-19,R1,kafka:gr-cup-raw,2025-10-18T12:54:33.525Z,GR86-022-13,0,2025-10-18 12:54:28.341000+00:00,GR86-022-13,13,100.966,0.0414710245711636,-0.237602688919796,77.70537783959203,2.97311080203987,6422.098712446352,7.354802967083913,7.446094112192861,138.4069313304721,-6.295178488641632,39.79316711425781,-86.23896789550781
,6,I_R07_2025-10-19,R1,kafka:gr-cup-raw,2025-10-18T12:56:10.357Z,GR86-022-13,0,2025-10-18 12:56:08.548000+00:00,GR86-022-13,13,100.149,0.0410750478011472,-0.2335363288718929,77.20607552581261,3.0,6408.9582417582415,6.76078154875717,6.849555449330784,139.2451321585903,-5.4593212237093685,39.79309844970703,-86.23894500732422
,7,I_R07_2025-10-19,R1,kafka:gr-cup-raw,2025-10-18T12:57:54.193Z,GR86-022-13,0,2025-10-18 12:57:49.831000+00:00,GR86-022-13,13,101.283,0.0346289080199365,-0.227466696873584,76.84450838241956,2.989578613502492,6399.434689507495,7.172068418667876,7.26704123244223,138.46014957264956,-4.767920253738106,39.79312896728515,-86.23887634277344
,8,I_R07_2025-10-19,R1,kafka:gr-cup-raw,2025-10-18T12:59:41.605Z,GR86-022-13,0,2025-10-18 12:59:30.090000+00:00,GR86-022-13,13,100.259,0.0365244755244755,-0.2242839160839161,77.4633006993007,3.051748251748252,6331.890350877193,7.513501165501166,7.612909090909091,139.35320175438596,-5.074265734265735,39.79316711425781,-86.23894500732422
,9,I_R07_2025-10-19,R1,kafka:gr-cup-raw,2025-10-18T13:01:10.591Z,GR86-022-13,0,2025-10-18 13:01:10.258000+00:00,GR86-022-13,13,100.168,0.0413142180094786,-0.2384962085308056,77.56011848341232,3.0099526066350712,6390.567032967033,7.485760663507109,7.589739336492891,139.19727074235809,-5.90914691943128,39.79316329956055,-86.23896026611328
,10,I_R07_2025-10-19,R1,kafka:gr-cup-raw,2025-10-18T13:02:50.935Z,GR86-022-13,0,2025-10-18 13:02:50.765000+00:00,GR86-022-13,13,100.507,0.0387560751948647,-0.2383209536909674,77.38558000917011,3.0472260430994957,6371.426724137931,7.856664374140302,7.954873911049978,139.25672413793103,-5.7412196240256765,39.793113708496094,-86.23889923095703
,11,I_R07_2025-10-19,R1,kafka:gr-cup-raw,2025-10-18T13:04:31.011Z,GR86-022-13,0,2025-10-18 13:04:30.867000+00:00,GR86-022-13,13,100.102,0.0364602954755309,-0.2433564173591874,76.25998153277932,3.0766389658356417,6351.933045356372,7.374134349030471,7.487816251154202,139.7068534482759,-5.798661126500462,39.79310989379883,-86.2389144897461
,12,I_R07_2025-10-19,R1,kafka:gr-cup-raw,2025-10-18T13:06:12.604Z,GR86-022-13,0,2025-10-18 13:06:11.912000+00:00,GR86-022-13,13,101.045,0.036972710453284,-0.2279532839962997,76.22212303422758,3.012025901942646,6289.986899563319,8.009222941720628,8.112537002775209,137.40932166301968,-5.049491211840888,39.7930908203125,-86.23888397216797
,13,I_R07_2025-10-19,R1,kafka:gr-cup-raw,2025-10-18T13:07:53.228Z,GR86-022-13,0,2025-10-18 13:07:52.571000+00:00,GR86-022-13,13,100.659,0.041073732718894,-0.2191622119815668,76.77388940092166,3.0327188940092165,6336.774891774891,7.539366359447004,7.652209677419355,138.81954838709677,-4.448248847926267,39.79316711425781,-86.2388916015625
,19,I_R07_2025-10-19,R1,kafka:gr-cup-raw,2025-10-18T13:21:00.233Z,GR86-022-13,0,2025-10-18 13:20:55.296000+00:00,GR86-022-13,13,102.21,0.0347436936936936,-0.2359049549549549,74.78876576576576,2.9076576576576576,6421.5843881856545,7.1334279279279285,7.228184684684685,137.4392405063291,-5.3516216216216215,39.79314041137695,-86.23883819580078
,20,I_R07_2025-10-19,R1,kafka:gr-cup-raw,2025-10-18T13:22:37.134Z,GR86-022-13,0,2025-10-18 13:22:36.555000+00:00,GR86-022-13,13,101.259,0.0554578422484134,-0.2358563009972801,76.78777425203988,2.903445149592022,6477.652928416486,5.851441523118767,5.928218495013599,137.25315334773217,-6.164188576609248,39.79317855834961,-86.23887634277344
,21,I_R07_2025-10-19,R1,kafka:gr-cup-raw,2025-10-18T13:24:19.468Z,GR86-022-13,0,2025-10-18 13:24:18.135000+00:00,GR86-022-13,13,101.58,0.0445878815911193,-0.2457830712303423,76.85898704902868,2.899167437557817,6405.15317286652,7.055006938020352,7.132310360777058,137.01958424507657,-6.043987049028678,39.793087005615234,-86.23890686035156
,22,I_R07_2025-10-19,R1,kafka:gr-cup-raw,2025-10-18T13:25:59.752Z,GR86-022-13,0,2025-10-18 13:25:58.764000+00:00,GR86-022-13,13,100.572,0.0415396536007292,-0.2279220601640838,77.11696900638104,3.0200546946216957,6379.10752688172,7.047857793983591,7.141706927985415,139.20154506437768,-5.380309936189608,39.79310989379883,-86.2388916015625
,23,I_R07_2025-10-19,R1,kafka:gr-cup-raw,2025-10-18T13:27:40.154Z,GR86-022-13,0,2025-10-18 13:27:39.446000+00:00,GR86-022-13,13,100.682,0.038706551410373,-0.2212179253867152,77.39291173794358,3.093266606005459,6287.861771058316,7.332761601455869,7.443371246587807,138.9322103004292,-4.447634212920837,39.793174743652344,-86.23892974853516
,24,I_R07_2025-10-19,R1,kafka:gr-cup-raw,2025-10-18T13:29:20.272Z,GR86-022-13,0,2025-10-18 13:29:20.049000+00:00,GR86-022-13,13,100.603,0.0384143372407574,-0.2356564472497745,76.97643823264201,3.03155996393147,6368.647311827957,6.930951307484221,7.046729035166817,138.9807311827957,-5.984039675383229,39.79312896728515,-86.23894500732422
,25,I_R07_2025-10-19,R1,kafka:gr-cup-raw,2025-10-18T13:31:05.383Z,GR86-022-13,0,2025-10-18 13:31:00.456000+00:00,GR86-022-13,13,100.407,0.0563022264329701,-0.235781146376125,78.87310279488393,3.0478446234012315,6372.573951434879,6.797839886309806,6.913675982946471,138.4612831858407,-5.348886783514922,39.79311752319336,-86.23893737792969
,26,I_R07_2025-10-19,R1,kafka:gr-cup-raw,2025-10-18T13:32:45.703Z,GR86-022-13,0,2025-10-18 13:32:42.171000+00:00,GR86-022-13,13,101.715,0.045592609283461,-0.2322546191978368,76.97075709779179,2.953132041460117,6422.817021276595,6.293307796304642,6.396685443893646,137.75178343949045,-5.47232987832357,39.7930908203125,-86.23883819580078
,27,I_R07_2025-10-19,R1,kafka:gr-cup-raw,2025-10-18T13:34:24.462Z,GR86-022-13,0,2025-10-18 13:34:23.843000+00:00,GR86-022-13,13,101.672,0.0292694717994628,-0.2255832587287377,76.61145478961504,2.944046553267681,6452.087234042553,8.521810653536257,8.646405550581916,137.70882729211087,-4.617681289167413,39.79312896728515,-86.23886108398438
,28,I_R07_2025-10-19,R1,kafka:gr-cup-raw,2025-10-18T13:36:08.339Z,GR86-022-13,0,2025-10-18 13:36:04.381000+00:00,GR86-022-13,13,100.533,0.036164981617647,-0.2417670036764706,75.93068474264706,2.935202205882353,6435.477223427332,7.837309283088236,7.952024356617647,137.7302819956616,-6.01171875,39.793155670166016,-86.23888397216797
,3,I_R07_2025-10-19,R1,kafka:gr-cup-raw,2025-10-18T12:51:06.066Z,GR86-010-16,0,2025-10-18 12:51:05.923000+00:00,GR86-010-16,16,103.391,0.0378486486486486,-0.2304369369369369,75.86477027027027,2.968018018018018,6333.609243697479,6.280939189189189,6.376966216216216,136.0026569037657,-8.592792792792793,39.793155670166016,-86.23884582519531
,4,I_R07_2025-10-19,R1,kafka:gr-cup-raw,2025-10-18T12:52:49.589Z,GR86-010-16,0,2025-10-18 12:52:46.324000+00:00,GR86-010-16,16,100.401,0.0220055427251732,-0.2489745958429561,75.75206928406467,3.087759815242494,6362.633620689655,7.267129330254042,7.376623556581986,139.7636989247312,-9.9564896073903,39.79313278198242,-86.23892974853516
,5,I_R07_2025-10-19,R1,kafka:gr-cup-raw,2025-10-18T12:54:33.579Z,GR86-010-16,0,2025-10-18 12:54:27.253000+00:00,GR86-010-16,16,100.929,0.0103460287970274,-0.2403873664653971,73.80908499767766,3.0562006502554575,6311.5766738660905,8.458852763585694,8.577092429168601,138.79116630669546,-7.972642823966559,39.79314041137695,-86.23893737792969
,6,I_R07_2025-10-19,R1,kafka:gr-cup-raw,2025-10-18T12:56:10.300Z,GR86-010-16,0,2025-10-18 12:56:07.653000+00:00,GR86-010-16,16,100.4,0.0235539170506912,-0.2369852534562212,74.04486175115207,3.057142857142857,6342.2224622030235,7.486165898617512,7.59341935483871,139.4669247311828,-7.893410138248848,39.79316711425781,-86.23892974853516
,7,I_R07_2025-10-19,R1,kafka:gr-cup-raw,2025-10-18T12:57:54.158Z,GR86-010-16,0,2025-10-18 12:57:48.682000+00:00,GR86-010-16,16,101.029,0.0208240909090909,-0.2239136363636363,75.68437727272727,3.0136363636363637,6392.178494623656,8.029654545454546,8.144004545454546,138.67477516059958,-7.824681818181818,39.79313278198242,-86.23884582519531
,8,I_R07_2025-10-19,R1,kafka:gr-cup-raw,2025-10-18T12:59:40.368Z,GR86-010-16,0,2025-10-18 12:59:28.879000+00:00,GR86-010-16,16,100.197,0.0237859454461396,-0.2408215441516412,74.41523347202958,3.073046694405918,6355.462203023758,7.251211280628756,7.357135922330097,139.55557235421168,-8.232686084142394,39.79316711425781,-86.23893737792969
,9,I_R07_2025-10-19,R1,kafka:gr-cup-raw,2025-10-18T13:01:10.355Z,GR86-010-16,0,2025-10-18 13:01:09.519000+00:00,GR86-010-16,16,100.64,0.0257392102846648,-0.2487318640955005,74.53642332415059,3.074380165289256,6350.781385281385,7.539701561065198,7.651315426997245,139.3312987012987,-8.771625344352618,39.79316711425781,-86.23892974853516
,10,I_R07_2025-10-19,R1,kafka:gr-cup-raw,2025-10-18T13:02:50.866Z,GR86-010-16,0,2025-10-18 13:02:49.630000+00:00,GR86-010-16,16,100.111,0.0346592695330559,-0.2442838650023115,75.21357836338419,3.061950993989829,6359.318872017354,6.912436430883033,7.022052704576977,139.73010775862068,-9.4833102172908,39.79316329956055,-86.2388687133789
,11,I_R07_2025-10-19,R1,kafka:gr-cup-raw,2025-10-18T13:04:30.254Z,GR86-010-16,0,2025-10-18 13:04:30.060000+00:00,GR86-010-16,16,100.43,0.0211925352753755,-0.2281055985434683,73.77015930814748,3.077378243058716,6330.77874186551,7.704048702776515,7.821688666363222,139.29482608695653,-7.76554392353209,39.79312896728515,-86.2388916015625
,12,I_R07_2025-10-19,R1,kafka:gr-cup-raw,2025-10-18T13:06:11.840Z,GR86-010-16,0,2025-10-18 13:06:11.457000+00:00,GR86-010-16,16,101.397,0.0229726900318616,-0.2301406463359126,74.59681838871188,3.060992262175694,6300.702991452991,7.967717341829768,8.10572143832499,137.98529032258065,-8.057578516158397,39.79314804077149,-86.2388687133789
,13,I_R07_2025-10-19,R1,kafka:gr-cup-raw,2025-10-18T13:07:52.513Z,GR86-010-16,0,2025-10-18 13:07:52.270000+00:00,GR86-010-16,16,100.813,0.0240603528319405,-0.2226717734447539,74.29052460538533,3.0478180129990715,6317.067538126362,8.110037140204271,8.241631847725161,137.99679824561403,-6.657056638811513,39.79314041137695,-86.23883819580078
,18,I_R07_2025-10-19,R1,kafka:gr-cup-raw,2025-10-18T13:19:12.976Z,GR86-010-16,0,2025-10-18 13:19:12.713000+00:00,GR86-010-16,16,103.459,0.0172279214986619,-0.2049049955396966,76.84956735057985,2.9531668153434434,6332.1899791231735,7.483064228367528,7.614618644067796,135.36835416666665,-7.1637823371989295,39.79312515258789,-86.23890686035156
,19,I_R07_2025-10-19,R1,kafka:gr-cup-raw,2025-10-18T13:20:59.897Z,GR86-010-16,0,2025-10-18 13:20:53.856000+00:00,GR86-010-16,16,101.143,0.0140331186752529,-0.2353390064397424,74.5886200551978,3.0685372585096595,6318.4773218142545,8.075259889604416,8.207985280588776,138.86781857451405,-8.911085556577737,39.79312515258789,-86.23884582519531
,20,I_R07_2025-10-19,R1,kafka:gr-cup-raw,2025-10-18T13:22:35.912Z,GR86-010-16,0,2025-10-18 13:22:34.491000+00:00,GR86-010-16,16,100.635,0.0237721920289855,-0.2356245471014492,75.68665307971014,3.0557065217391304,6363.717344753747,8.1384375,8.255194746376812,139.29929336188437,-9.599365942028989,39.79316711425781,-86.23886108398438
,21,I_R07_2025-10-19,R1,kafka:gr-cup-raw,2025-10-18T13:24:15.981Z,GR86-010-16,0,2025-10-18 13:24:15.055000+00:00,GR86-010-16,16,100.531,0.0314647302904564,-0.2296090364223144,75.61358229598893,3.053019824804057,6370.605206073753,7.8681420009220835,7.981099585062241,139.07088552915766,-8.036007376671279,39.79314804077149,-86.2389144897461
,22,I_R07_2025-10-19,R1,kafka:gr-cup-raw,2025-10-18T13:25:58.298Z,GR86-010-16,0,2025-10-18 13:25:55.743000+00:00,GR86-010-16,16,100.688,0.0240404361653793,-0.2371099500227169,75.84157201272149,3.053157655611086,6360.259656652361,7.371953657428442,7.49283280327124,139.13558189655174,-8.462108132666971,39.79312896728515,-86.2388916015625
,23,I_R07_2025-10-19,R1,kafka:gr-cup-raw,2025-10-18T13:27:36.850Z,GR86-010-16,0,2025-10-18 13:27:36.245000+00:00,GR86-010-16,16,100.502,0.0216378995433789,-0.2322767123287671,75.63919634703196,3.066666666666667,6368.991341991342,9.595299086757992,9.726518264840182,139.30363440860216,-9.263470319634704,39.79317855834961,-86.23892211914062
,24,I_R07_2025-10-19,R1,kafka:gr-cup-raw,2025-10-18T13:29:20.078Z,GR86-010-16,0,2025-10-18 13:29:17.403000+00:00,GR86-010-16,16,101.158,0.0193824074074074,-0.2383254629629629,76.12339814814815,3.0388888888888888,6348.481641468683,7.853115740740741,7.974240740740741,138.96286637931033,-10.771435185185185,39.79314804077149,-86.23887634277344
,26,I_R07_2025-10-19,R1,kafka:gr-cup-raw,2025-10-18T13:32:41.935Z,GR86-010-16,0,2025-10-18 13:32:41.522000+00:00,GR86-010-16,16,102.179,0.0123443438914027,-0.2254493212669683,73.81870135746605,3.03710407239819,6264.746268656716,7.245895927601811,7.3722239819004525,137.4636673773987,-11.128325791855204,39.793174743652344,-86.23883056640625
,27,I_R07_2025-10-19,R1,kafka:gr-cup-raw,2025-10-18T13:34:23.286Z,GR86-010-16,0,2025-10-18 13:34:22.469000+00:00,GR86-010-16,16,100.947,0.0259579093432007,-0.2442280296022201,77.0491396854764,3.011563367252544,6393.045454545455,8.24018270120259,8.3665934320074,138.77185344827586,-10.843246993524517,39.79312515258789,-86.23885345458984
,28,I_R07_2025-10-19,R1,kafka:gr-cup-raw,2025-10-18T13:36:08.040Z,GR86-010-16,0,2025-10-18 13:36:03.715000+00:00,GR86-010-16,16,101.246,0.0201266575217192,-0.2321732967535436,75.68375400091449,2.9227251943301327,6429.559139784947,9.29467992684042,9.435891632373115,136.8057667386609,-10.975720164609054,39.79315948486328,-86.2388687133789
,4,I_R07_2025-10-19,R1,kafka:gr-cup-raw,2025-10-18T12:52:55.005Z,GR86-047-21,0,2025-10-18 12:52:53.869000+00:00,GR86-047-21,21,103.416,-0.0070056669572798,-0.2352759372275501,73.93645161290323,2.9106364428945075,6349.0,7.802199215344376,7.914180470793374,135.33833333333334,-5.69485614646905,39.79314422607422,-86.23887634277344
,5,I_R07_2025-10-19,R1,kafka:gr-cup-raw,2025-10-18T12:54:59.271Z,GR86-047-21,0,2025-10-18 12:54:35.787000+00:00,GR86-047-21,21,101.918,-8.231173380035103e-05,-0.2441024518388791,75.49376970227671,2.9719789842381785,6407.850746268657,9.418590192644483,9.540234238178634,137.41270788912578,-8.27237302977233,39.79317092895508,-86.23894500732422
,6,I_R07_2025-10-19,R1,kafka:gr-cup-raw,2025-10-18T12:56:19.152Z,GR86-047-21,0,2025-10-18 12:56:18.777000+00:00,GR86-047-21,21,102.958,0.0029024707412223,-0.2350268747290854,76.23378413524057,2.94495015171218,6329.325630252101,8.29238621586476,8.409941482444733,135.8037394957983,-3.945080190723884,39.793182373046875,-86.23883056640625
,7,I_R07_2025-10-19,R1,kafka:gr-cup-raw,2025-10-18T12:58:10.963Z,GR86-047-21,0,2025-10-18 12:57:59.773000+00:00,GR86-047-21,21,100.996,0.0068925294888597,-0.2487064220183486,76.88408475316733,3.061598951507208,6320.098501070664,8.022324159021407,8.140928352992573,138.57725321888412,-2.79043250327654,39.7930908203125,-86.23894500732422
,8,I_R07_2025-10-19,R1,kafka:gr-cup-raw,2025-10-18T12:59:41.475Z,GR86-047-21,0,2025-10-18 12:59:40.534000+00:00,GR86-047-21,21,100.761,0.0043514938488576,-0.2490834797891037,75.91256151142355,3.06195079086116,6343.744086021506,7.991355448154658,8.106014938488578,138.80336206896553,-2.5189806678383126,39.79310989379883,-86.23893737792969
,9,I_R07_2025-10-19,R1,kafka:gr-cup-raw,2025-10-18T13:01:22.315Z,GR86-047-21,0,2025-10-18 13:01:21.489000+00:00,GR86-047-21,21,100.955,0.0026999109528049,-0.2436620658949243,74.63725734639358,3.0609973285841496,6358.404301075268,8.663397150489761,8.785817008014247,138.85083690987125,-1.9038290293855744,39.7931022644043,-86.23893737792969
,10,I_R07_2025-10-19,R1,kafka:gr-cup-raw,2025-10-18T13:03:08.672Z,GR86-047-21,0,2025-10-18 13:03:03.480000+00:00,GR86-047-21,21,101.991,0.0026681614349775,-0.244762331838565,75.2209730941704,2.9896860986547087,6347.684210526316,8.00770403587444,8.124107623318386,137.29774122807018,-3.061479820627803,39.79314804077149,-86.23894500732422
,11,I_R07_2025-10-19,R1,kafka:gr-cup-raw,2025-10-18T13:04:45.532Z,GR86-047-21,0,2025-10-18 13:04:44.145000+00:00,GR86-047-21,21,100.665,-0.0060040779338468,-0.2524218396012687,74.7295740824649,2.9932034435885817,6312.1925601750545,9.85768463978251,9.989628454916176,136.81150984682714,-2.495514272768464,39.79323959350586,-86.23896789550781
,12,I_R07_2025-10-19,R1,kafka:gr-cup-raw,2025-10-18T13:06:32.832Z,GR86-047-21,0,2025-10-18 13:06:25.568000+00:00,GR86-047-21,21,101.423,-0.0005558475689881,-0.2442194480946123,74.86739816031537,3.049496276828734,6298.948717948718,7.708304862023653,7.829770039421814,138.0102985074627,-4.638414367060885,39.793087005615234,-86.23892974853516
,13,I_R07_2025-10-19,R1,kafka:gr-cup-raw,2025-10-18T13:08:08.385Z,GR86-047-21,0,2025-10-18 13:08:07.146000+00:00,GR86-047-21,21,101.578,-0.0042600716204118,-0.2484776186213071,74.48244404655327,2.9749328558639214,6327.637554585152,8.481445837063562,8.614682184422561,136.45967248908298,-5.074574753804835,39.793174743652344,-86.23894500732422
,19,I_R07_2025-10-19,R1,kafka:gr-cup-raw,2025-10-18T13:21:00.179Z,GR86-047-21,0,2025-10-18 13:20:57.046000+00:00,GR86-047-21,21,102.198,3.1482291211193724e-05,-0.2326200262352426,74.85847398338434,2.929164844774814,6416.846481876332,7.756368605159597,7.879053344993442,137.0428085106383,-4.5930476606908615,39.79314804077149,-86.23892211914062
,20,I_R07_2025-10-19,R1,kafka:gr-cup-raw,2025-10-18T13:22:41.382Z,GR86-047-21,0,2025-10-18 13:22:38.067000+00:00,GR86-047-21,21,101.021,0.0042756354075372,-0.248156879929886,75.17805872042068,3.06091148115688,6326.223175965665,8.42735977212971,8.547094653812445,138.57954935622317,-1.393339176161262,39.793113708496094,-86.23887634277344
,21,I_R07_2025-10-19,R1,kafka:gr-cup-raw,2025-10-18T13:24:24.580Z,GR86-047-21,0,2025-10-18 13:24:20.740000+00:00,GR86-047-21,21,102.673,0.0031702220287331,-0.2415990422289943,74.9367827601219,2.87287766652155,6466.635789473684,8.288019155420114,8.412629516760994,136.60915789473685,-3.5621245102307357,39.79314041137695,-86.2388916015625
,22,I_R07_2025-10-19,R1,kafka:gr-cup-raw,2025-10-18T13:26:07.056Z,GR86-047-21,0,2025-10-18 13:26:02.172000+00:00,GR86-047-21,21,101.432,0.0043153745072273,-0.2375943933420937,75.0660052562418,3.0105124835742445,6357.429487179487,7.953215067893122,8.08542487954446,137.90568376068376,-0.9829610162067456,39.7930908203125,-86.2388916015625
,23,I_R07_2025-10-19,R1,kafka:gr-cup-raw,2025-10-18T13:27:44.478Z,GR86-047-21,0,2025-10-18 13:27:43.079000+00:00,GR86-047-21,21,100.907,0.0059596809924678,-0.2387895436420026,75.34789986708019,3.050509525919362,6333.294623655914,7.6233650863978735,7.749977846699158,138.29540130151844,-2.0333628710677893,39.793087005615234,-86.2389144897461
,24,I_R07_2025-10-19,R1,kafka:gr-cup-raw,2025-10-18T13:29:24.493Z,GR86-047-21,0,2025-10-18 13:29:24.069000+00:00,GR86-047-21,21,100.99,7.513181019332117e-05,-0.2471621265377856,76.36718365553602,3.047891036906854,6329.533333333334,8.486107205623902,8.626913444639719,138.4703440860215,-2.8619947275922675,39.79315185546875,-86.23890686035156
,25,I_R07_2025-10-19,R1,kafka:gr-cup-raw,2025-10-18T13:31:06.434Z,GR86-047-21,0,2025-10-18 13:31:06.016000+00:00,GR86-047-21,21,101.947,-0.0021097560975609,-0.2383482384823848,74.67467028003614,2.9006323396567297,6373.372807017544,8.802723577235772,8.954814814814814,135.76625272331154,-1.932294489611563,39.79313659667969,-86.23892211914062
,26,I_R07_2025-10-19,R1,kafka:gr-cup-raw,2025-10-18T13:32:49.219Z,GR86-047-21,0,2025-10-18 13:32:47.847000+00:00,GR86-047-21,21,101.831,0.0069671916010498,-0.2379868766404199,76.69622484689414,2.9930008748906385,6356.321276595745,7.202353455818024,7.332082239720035,137.19389361702127,-3.306474190726159,39.79315185546875,-86.23882293701172
,27,I_R07_2025-10-19,R1,kafka:gr-cup-raw,2025-10-18T13:34:33.183Z,GR86-047-21,0,2025-10-18 13:34:29.914000+00:00,GR86-047-21,21,102.067,0.0042795936395759,-0.2527676678445229,74.78036219081271,2.9964664310954063,6305.2881720430105,7.400708922261485,7.529662102473497,136.28498920086392,0.1861749116607773,39.793094635009766,-86.23893737792969
,28,I_R07_2025-10-19,R1,kafka:gr-cup-raw,2025-10-18T13:36:12.772Z,GR86-047-21,0,2025-10-18 13:36:11.836000+00:00,GR86-047-21,21,101.922,0.0026662309368191,-0.2427581699346405,75.70837908496732,2.8483660130718955,6528.406852248394,8.188470588235294,8.316196078431373,136.71,-0.1845315904139433,39.79317092895508,-86.23883056640625
,4,I_R07_2025-10-19,R1,kafka:gr-cup-raw,2025-10-18T12:52:49.675Z,GR86-033-46,0,2025-10-18 12:52:48.560000+00:00,GR86-033-46,46,100.882,0.0462572463768115,-0.2008591485507246,77.24158514492754,3.0625,6373.715536105033,5.153503170289855,5.255794836956522,138.75325274725276,-8.590353260869565,39.79311752319336,-86.23898315429688
,5,I_R07_2025-10-19,R1,kafka:gr-cup-raw,2025-10-18T12:54:33.858Z,GR86-033-46,0,2025-10-18 12:54:28.808000+00:00,GR86-033-46,46,100.248,0.0249303996407723,-0.2161953300404131,76.52524472384374,3.0296362819937137,6371.417943107221,6.606315671306691,6.736331387516839,138.64427631578948,-9.249977548271218,39.793174743652344,-86.23896026611328
,6,I_R07_2025-10-19,R1,kafka:gr-cup-raw,2025-10-18T12:56:10.522Z,GR86-033-46,0,2025-10-18 12:56:09.102000+00:00,GR86-033-46,46,100.294,0.0167147887323943,-0.2051492077464788,75.28465669014084,3.113556338028169,6331.830107526882,6.786208186619718,6.915048415492958,139.5719569892473,-10.097887323943665,39.793155670166016,-86.23897552490234
,7,I_R07_2025-10-19,R1,kafka:gr-cup-raw,2025-10-18T12:57:54.359Z,GR86-033-46,0,2025-10-18 12:57:50.956000+00:00,GR86-033-46,46,101.854,0.0170677130044843,-0.2129215246636771,72.53850224215246,2.872645739910314,6468.727861771058,6.781634529147982,6.91660538116592,135.88634782608696,-9.25645739910314,39.79317092895508,-86.2388687133789
,8,I_R07_2025-10-19,R1,kafka:gr-cup-raw,2025-10-18T12:59:40.741Z,GR86-033-46,0,2025-10-18 12:59:32.163000+00:00,GR86-033-46,46,101.207,0.0184673344947735,-0.2011171602787456,75.22641986062717,3.034843205574913,6404.636752136752,7.679538327526133,7.820601045296167,138.91929487179488,-10.095993031358883,39.793094635009766,-86.23893737792969
,9,I_R07_2025-10-19,R1,kafka:gr-cup-raw,2025-10-18T13:01:13.203Z,GR86-033-46,0,2025-10-18 13:01:12.886000+00:00,GR86-033-46,46,100.723,0.0202873614190687,-0.2028971175166297,74.9229356984479,3.047450110864745,6388.210300429185,6.14319512195122,6.268689578713969,139.1209247311828,-8.91720620842572,39.79313278198242,-86.23895263671875
,10,I_R07_2025-10-19,R1,kafka:gr-cup-raw,2025-10-18T13:02:54.926Z,GR86-033-46,0,2025-10-18 13:02:54.503000+00:00,GR86-033-46,46,101.617,0.0223289299867899,-0.1949198590929106,74.3239189784236,3.0,6387.431914893617,6.206516952884192,6.338027300748569,137.79215351812368,-7.880184940554822,39.79310989379883,-86.23889923095703
,11,I_R07_2025-10-19,R1,kafka:gr-cup-raw,2025-10-18T13:04:35.028Z,GR86-033-46,0,2025-10-18 13:04:34.785000+00:00,GR86-033-46,46,100.282,0.0183275862068965,-0.1884296733212341,75.58379764065336,3.0970961887477313,6298.52422907489,7.695873411978222,7.839278584392015,138.92548458149778,-8.63570780399274,39.79314422607422,-86.23896789550781
,12,I_R07_2025-10-19,R1,kafka:gr-cup-raw,2025-10-18T13:06:16.627Z,GR86-033-46,0,2025-10-18 13:06:15.193000+00:00,GR86-033-46,46,100.408,0.0217832229580573,-0.200442825607064,75.43413245033112,3.1033112582781457,6317.477419354838,6.697622516556291,6.828046357615894,139.25247311827957,-9.856291390728478,39.79317855834961,-86.23898315429688
,13,I_R07_2025-10-19,R1,kafka:gr-cup-raw,2025-10-18T13:07:56.357Z,GR86-033-46,0,2025-10-18 13:07:55.937000+00:00,GR86-033-46,46,100.744,0.0236928855501546,-0.1971816173221387,74.9039239946973,3.069818824569156,6331.266666666666,6.226378700839594,6.358453380468405,138.6379049676026,-7.8847105612019455,39.79317092895508,-86.23894500732422
,18,I_R07_2025-10-19,R1,kafka:gr-cup-raw,2025-10-18T13:19:14.390Z,GR86-033-46,0,2025-10-18 13:19:13.488000+00:00,GR86-033-46,46,102.568,0.0172163565556036,-0.1893076590220683,74.72016443098225,2.884465599307659,6434.1800847457625,5.595934660320208,5.718031155344007,136.3728842105263,-8.344136737343142,39.79313659667969,-86.2389144897461
,19,I_R07_2025-10-19,R1,kafka:gr-cup-raw,2025-10-18T13:20:59.964Z,GR86-033-46,0,2025-10-18 13:20:55.369000+00:00,GR86-033-46,46,101.881,0.0129198237885462,-0.1997140969162995,75.1406960352423,2.919383259911894,6450.44635193133,7.471447136563877,7.605808370044054,136.98920086393088,-8.233127753303965,39.793155670166016,-86.23884582519531
,20,I_R07_2025-10-19,R1,kafka:gr-cup-raw,2025-10-18T13:22:37.129Z,GR86-033-46,0,2025-10-18 13:22:36.806000+00:00,GR86-033-46,46,101.437,0.0404606440071556,-0.2017079606440071,76.42984794275493,2.9297853309481217,6485.924242424242,5.455451699463327,5.562388193202147,136.99884782608697,-10.25165474060823,39.79314422607422,-86.23889923095703
,21,I_R07_2025-10-19,R1,kafka:gr-cup-raw,2025-10-18T13:24:19.260Z,GR86-033-46,0,2025-10-18 13:24:18.808000+00:00,GR86-033-46,46,102.002,0.0139600702062308,-0.1943795524352786,75.37671785870997,2.958753839403247,6388.773987206823,8.425756910925845,8.565138218516894,137.1391932059448,-8.545809565598947,39.79314041137695,-86.23892211914062
,22,I_R07_2025-10-19,R1,kafka:gr-cup-raw,2025-10-18T13:26:00.316Z,GR86-033-46,0,2025-10-18 13:25:59.708000+00:00,GR86-033-46,46,100.896,0.0183450704225352,-0.2008807218309859,76.30311179577465,3.073943661971831,6318.321199143469,7.571681338028169,7.696397447183099,138.84796137339058,-8.443397887323945,39.793174743652344,-86.23888397216797
,23,I_R07_2025-10-19,R1,kafka:gr-cup-raw,2025-10-18T13:27:40.302Z,GR86-033-46,0,2025-10-18 13:27:40.096000+00:00,GR86-033-46,46,100.388,0.0143352524357838,-0.2100549158547387,75.33047829937998,3.093445527015058,6322.135483870968,7.721191319751993,7.860947741364039,139.36612903225807,-9.18348095659876,39.793174743652344,-86.23896789550781
,24,I_R07_2025-10-19,R1,kafka:gr-cup-raw,2025-10-18T13:29:21.034Z,GR86-033-46,0,2025-10-18 13:29:20.865000+00:00,GR86-033-46,46,100.769,0.0150392681838464,-0.1965394912985274,75.1756135653726,3.0937081659973225,6272.234782608695,6.8414859437751,6.973833110218653,138.15660130718953,-9.286657742079427,39.79314041137695,-86.23894500732422
,25,I_R07_2025-10-19,R1,kafka:gr-cup-raw,2025-10-18T13:31:05.160Z,GR86-033-46,0,2025-10-18 13:31:01.603000+00:00,GR86-033-46,46,100.738,0.0226078606520768,-0.2011737382760161,75.7349977668602,3.032157213041536,6374.269978401728,6.607941045109424,6.736987494417151,138.71053879310347,-8.00920053595355,39.7931022644043,-86.23895263671875
,26,I_R07_2025-10-19,R1,kafka:gr-cup-raw,2025-10-18T13:32:42.949Z,GR86-033-46,0,2025-10-18 13:32:42.463000+00:00,GR86-033-46,46,100.86,0.0126322869955156,-0.2009219730941704,75.83295067264575,3.0417040358744396,6357.751633986928,7.809807174887892,7.94962331838565,137.9188695652174,-9.029103139013454,39.793174743652344,-86.23885345458984
,27,I_R07_2025-10-19,R1,kafka:gr-cup-raw,2025-10-18T13:34:24.358Z,GR86-033-46,0,2025-10-18 13:34:23.852000+00:00,GR86-033-46,46,101.389,0.0192071111111111,-0.2073915555555555,73.89881333333332,2.978222222222222,6390.497863247863,5.9862577777777775,6.112637777777778,137.6836752136752,-9.784888888888888,39.79313659667969,-86.2388687133789
,28,I_R07_2025-10-19,R1,kafka:gr-cup-raw,2025-10-18T13:36:08.105Z,GR86-033-46,0,2025-10-18 13:36:04.963000+00:00,GR86-033-46,46,101.111,0.0126100178890876,-0.1974575134168157,74.34550089445439,3.001788908765653,6376.847494553377,6.601755366726297,6.735543381037568,138.05734782608695,-8.652325581395349,39.793094635009766,-86.2388916015625
,4,I_R07_2025-10-19,R1,kafka:gr-cup-raw,2025-10-18T12:52:50.595Z,GR86-025-47,0,2025-10-18 12:52:49.175000+00:00,GR86-025-47,47,100.623,-0.2728851936218679,0.2235726651480638,77.72242824601368,3.084282460136674,6344.649350649351,7.322738041002278,7.4514533029612755,139.6685775862069,-6.511480637813212,39.79313659667969,-86.23884582519531
,5,I_R07_2025-10-19,R1,kafka:gr-cup-raw,2025-10-18T12:54:33.756Z,GR86-025-47,0,2025-10-18 12:54:29.662000+00:00,GR86-025-47,47,100.487,-0.2834425314099581,0.2296468124709167,77.98281060958585,3.0972545369939506,6319.803493449782,5.929604467194044,6.049420660772452,139.29781181619256,-6.806142391810144,39.79313278198242,-86.23896789550781
,6,I_R07_2025-10-19,R1,kafka:gr-cup-raw,2025-10-18T12:56:11.646Z,GR86-025-47,0,2025-10-18 12:56:10.290000+00:00,GR86-025-47,47,100.628,-0.2679795640326975,0.2148424159854677,76.9741008174387,3.0853769300635787,6353.989200863931,7.527951861943687,7.669436875567665,139.6756371490281,-7.889146230699365,39.79311752319336,-86.23896789550781
,7,I_R07_2025-10-19,R1,kafka:gr-cup-raw,2025-10-18T12:57:54.262Z,GR86-025-47,0,2025-10-18 12:57:51.235000+00:00,GR86-025-47,47,100.94,-0.265843334860284,0.2230696289509849,75.76917086578104,3.0357306459001374,6340.116630669547,7.166720109940449,7.310639028859368,138.41166666666666,-7.065460375629867,39.793155670166016,-86.23890686035156
,8,I_R07_2025-10-19,R1,kafka:gr-cup-raw,2025-10-18T12:59:40.553Z,GR86-025-47,0,2025-10-18 12:59:32.632000+00:00,GR86-025-47,47,101.397,-0.2714379862700228,0.2264535469107551,76.41227459954234,3.0471395881006864,6305.390557939914,7.4382059496567505,7.589167048054921,137.88700214132763,-6.338352402745996,39.79311752319336,-86.23896026611328
,9,I_R07_2025-10-19,R1,kafka:gr-cup-raw,2025-10-18T13:01:19.566Z,GR86-025-47,0,2025-10-18 13:01:13.365000+00:00,GR86-025-47,47,100.733,-0.2723268867924528,0.2174712264150943,75.44584905660378,3.111320754716981,6304.792576419214,7.763648584905661,7.916245283018867,139.24636165577343,-6.192924528301887,39.79310607910156,-86.23892974853516
,10,I_R07_2025-10-19,R1,kafka:gr-cup-raw,2025-10-18T13:02:56.626Z,GR86-025-47,0,2025-10-18 13:02:55.551000+00:00,GR86-025-47,47,102.186,-0.2694325081737506,0.2150266230733302,76.97481083605793,2.914992993928071,6365.649350649351,7.87401681457263,8.04133348902382,136.181568627451,-8.421064922933208,39.79315948486328,-86.23887634277344
,11,I_R07_2025-10-19,R1,kafka:gr-cup-raw,2025-10-18T13:04:36.574Z,GR86-025-47,0,2025-10-18 13:04:36.125000+00:00,GR86-025-47,47,100.574,-0.2646915673693858,0.2239711274060495,76.96032538955087,3.0673693858845095,6358.552173913044,8.622005041246563,9.406427589367553,139.0809523809524,-6.933226397800184,39.79310607910156,-86.23897552490234
,12,I_R07_2025-10-19,R1,kafka:gr-cup-raw,2025-10-18T13:06:16.871Z,GR86-025-47,0,2025-10-18 13:06:16.469000+00:00,GR86-025-47,47,100.344,-0.2745788031064413,0.2278565555047967,77.76156692553678,3.0698949291914115,6349.132608695652,8.233316582914572,8.40551621745089,139.4902819956616,-6.0940155322064875,39.79313659667969,-86.23893737792969
,13,I_R07_2025-10-19,R1,kafka:gr-cup-raw,2025-10-18T13:07:57.818Z,GR86-025-47,0,2025-10-18 13:07:57.461000+00:00,GR86-025-47,47,100.992,-0.267193853427896,0.2090940898345153,76.21021276595745,3.046808510638298,6326.692307692308,7.33590780141844,7.485018912529551,138.38152317880795,-3.375413711583924,39.79315948486328,-86.23896026611328
,18,I_R07_2025-10-19,R1,kafka:gr-cup-raw,2025-10-18T13:19:14.383Z,GR86-025-47,0,2025-10-18 13:19:13.773000+00:00,GR86-025-47,47,102.804,-0.2747720888083371,0.1995382872677843,77.21323062981423,2.866334390575442,6470.5845824411135,6.312258722247395,6.444687358405075,136.08739224137932,-5.992025373810603,39.79315185546875,-86.23888397216797
,19,I_R07_2025-10-19,R1,kafka:gr-cup-raw,2025-10-18T13:20:59.887Z,GR86-025-47,0,2025-10-18 13:20:55.879000+00:00,GR86-025-47,47,102.106,-0.2737194406856112,0.2294722598105548,77.03025259359495,2.878213802435724,6476.546038543897,6.883637798827244,7.028155164636897,137.0075374732334,-6.73852052322959,39.793155670166016,-86.23886108398438
,20,I_R07_2025-10-19,R1,kafka:gr-cup-raw,2025-10-18T13:22:37.704Z,GR86-025-47,0,2025-10-18 13:22:37.159000+00:00,GR86-025-47,47,101.28,-0.26759012575687,0.2131509082440614,74.88692128551467,3.015370284117373,6316.82056892779,8.294473684210526,8.465889613414065,137.53555555555556,-6.803306939916163,39.79317855834961,-86.23890686035156
,21,I_R07_2025-10-19,R1,kafka:gr-cup-raw,2025-10-18T13:24:19.876Z,GR86-025-47,0,2025-10-18 13:24:19.472000+00:00,GR86-025-47,47,102.313,-0.2660501808318264,0.2164425858951175,76.11732820976492,2.9484629294755877,6338.644680851064,6.995712025316456,7.154396473779385,136.60434968017057,-5.682956600361664,39.79314804077149,-86.2389144897461
,22,I_R07_2025-10-19,R1,kafka:gr-cup-raw,2025-10-18T13:26:01.815Z,GR86-025-47,0,2025-10-18 13:26:01.491000+00:00,GR86-025-47,47,102.019,-0.2654308246958089,0.2255583596214511,77.01220369535827,2.999549346552501,6320.123667377398,7.869148264984227,8.027823343848581,137.07942430703625,-4.612618296529968,39.79314041137695,-86.23892211914062
,23,I_R07_2025-10-19,R1,kafka:gr-cup-raw,2025-10-18T13:27:42.646Z,GR86-025-47,0,2025-10-18 13:27:42.234000+00:00,GR86-025-47,47,100.743,-0.2677626728110598,0.2300806451612903,75.71055760368664,3.068663594470046,6290.664516129033,7.60842396313364,7.769304147465437,138.65019396551725,-7.11963133640553,39.79314041137695,-86.2389144897461
,24,I_R07_2025-10-19,R1,kafka:gr-cup-raw,2025-10-18T13:29:24.300Z,GR86-025-47,0,2025-10-18 13:29:22.827000+00:00,GR86-025-47,47,100.593,-0.2576102343376375,0.2221157340985174,74.13573888091821,3.050215208034434,6297.342920353983,8.281018651362984,8.446846006695361,138.41216814159293,-6.251602104256337,39.79310607910156,-86.2389144897461
,25,I_R07_2025-10-19,R1,kafka:gr-cup-raw,2025-10-18T13:31:05.081Z,GR86-025-47,0,2025-10-18 13:31:03.539000+00:00,GR86-025-47,47,100.712,-0.2723825536062378,0.2510204678362573,76.90868421052632,3.067738791423002,6330.355056179776,7.7613474658869395,7.917556042884991,139.04202702702705,-6.625877192982457,39.79313278198242,-86.23893737792969
,26,I_R07_2025-10-19,R1,kafka:gr-cup-raw,2025-10-18T13:32:45.714Z,GR86-025-47,0,2025-10-18 13:32:44.467000+00:00,GR86-025-47,47,100.928,-0.2705814272644098,0.2310329368709972,77.28018755718206,3.069533394327539,6327.920258620689,8.344780420860017,8.51027218664227,138.653311827957,-5.006038426349497,39.79312896728515,-86.23886108398438
,27,I_R07_2025-10-19,R1,kafka:gr-cup-raw,2025-10-18T13:34:26.138Z,GR86-025-47,0,2025-10-18 13:34:25.598000+00:00,GR86-025-47,47,101.131,-0.2656927322907084,0.2114742410303587,76.12543238270469,3.0542778288868444,6301.152838427947,7.559224931002761,7.713408463661453,137.979128540305,-4.121757129714812,39.79317092895508,-86.23887634277344
,28,I_R07_2025-10-19,R1,kafka:gr-cup-raw,2025-10-18T13:36:08.081Z,GR86-025-47,0,2025-10-18 13:36:06.644000+00:00,GR86-025-47,47,101.043,-0.2755787015413358,0.2191550677253619,76.08432041102289,3.0163475011676786,6352.866090712743,6.6303012610929475,6.774703409621672,138.09077753779698,-3.8174217655301264,39.793174743652344,-86.23890686035156
,4,I_R07_2025-10-19,R1,kafka:gr-cup-raw,2025-10-18T12:52:49.623Z,GR86-016-55,0,2025-10-18 12:52:46.999000+00:00,GR86-016-55,55,100.311,0.0166181330951317,-0.2118646717284502,75.87949531040643,3.006699419383654,6454.993534482759,6.4310451094238505,6.516326485037964,139.7975053763441,-7.064135774899509,39.79315185546875,-86.23890686035156
,5,I_R07_2025-10-19,R1,kafka:gr-cup-raw,2025-10-18T12:54:33.565Z,GR86-016-55,0,2025-10-18 12:54:30.092000+00:00,GR86-016-55,55,103.026,0.0134805543138131,-0.2130844881537774,76.02897183728207,2.926687527939204,6475.76241900648,7.398019669199821,7.495601251676352,138.2228725701944,-7.024050067054091,39.7930908203125,-86.23894500732422
,6,I_R07_2025-10-19,R1,kafka:gr-cup-raw,2025-10-18T12:56:10.418Z,GR86-016-55,0,2025-10-18 12:56:08.171000+00:00,GR86-016-55,55,98.079,0.0238031064412973,-0.2176290543627227,75.96262220191868,2.977615349474646,6468.185995623632,6.407830059387848,6.494310187300137,138.6906167400881,-7.087117405207858,39.79378128051758,-86.23897552490234
,8,I_R07_2025-10-19,R1,kafka:gr-cup-raw,2025-10-18T12:59:40.473Z,GR86-016-55,0,2025-10-18 12:59:31.463000+00:00,GR86-016-55,55,100.505,0.0275596653456627,-0.2045649493615147,77.1151475121092,2.9753412593571116,6478.555793991416,6.184638925583443,6.268606340819022,139.35141630901288,-6.454293262879789,39.79312896728515,-86.23895263671875
,9,I_R07_2025-10-19,R1,kafka:gr-cup-raw,2025-10-18T13:01:11.407Z,GR86-016-55,0,2025-10-18 13:01:11.183000+00:00,GR86-016-55,55,99.72,0.0304888686960472,-0.2181522035438437,77.80412539754657,2.995910949568378,6501.350109409191,6.3829600181735575,6.4715379373012265,139.47304824561402,-7.035665606542481,39.793113708496094,-86.23896789550781
,10,I_R07_2025-10-19,R1,kafka:gr-cup-raw,2025-10-18T13:02:51.596Z,GR86-016-55,0,2025-10-18 13:02:50.991000+00:00,GR86-016-55,55,99.808,0.0201308664259927,-0.2074223826714801,75.0187951263538,3.0085740072202167,6487.849015317287,6.454796931407942,6.536414711191336,139.93375824175826,-6.430009025270758,39.79315948486328,-86.2388687133789
,11,I_R07_2025-10-19,R1,kafka:gr-cup-raw,2025-10-18T13:04:31.658Z,GR86-016-55,0,2025-10-18 13:04:31.190000+00:00,GR86-016-55,55,100.199,0.0176213202497769,-0.2114692239072256,75.66259589652097,3.026315789473684,6455.825053995681,6.183871543264942,6.26600133809099,139.8443870967742,-7.551338090990188,39.793121337890625,-86.23882293701172
,12,I_R07_2025-10-19,R1,kafka:gr-cup-raw,2025-10-18T13:06:12.511Z,GR86-016-55,0,2025-10-18 13:06:11.960000+00:00,GR86-016-55,55,100.77,0.0328393263541192,-0.2107810650887574,78.05670459717797,2.9567592171142465,6464.113043478261,5.809733727810651,5.896827492034593,137.8031509846827,-7.776285844333182,39.793155670166016,-86.23887634277344
,13,I_R07_2025-10-19,R1,kafka:gr-cup-raw,2025-10-18T13:07:53.162Z,GR86-016-55,0,2025-10-18 13:07:52.870000+00:00,GR86-016-55,55,100.871,0.0147291483757682,-0.200564091308165,75.30499561018438,2.9872695346795433,6448.570512820513,6.429306409130817,6.517954345917471,138.362869379015,-6.376338893766462,39.7931022644043,-86.23885345458984
,18,I_R07_2025-10-19,R1,kafka:gr-cup-raw,2025-10-18T13:19:14.376Z,GR86-016-55,0,2025-10-18 13:19:12.847000+00:00,GR86-016-55,55,103.05,0.0217845474613686,-0.1918128035320088,77.71490949227372,2.9139072847682117,6368.418803418804,5.809997792494482,5.894386313465784,135.43358974358975,-7.172052980132451,39.79314804077149,-86.23890686035156
,19,I_R07_2025-10-19,R1,kafka:gr-cup-raw,2025-10-18T13:20:59.869Z,GR86-016-55,0,2025-10-18 13:20:54.497000+00:00,GR86-016-55,55,101.65,0.0237714412024756,-0.204209106984969,76.85122458001769,2.967285587975243,6446.2148936170215,5.8241710875331565,5.913008399646331,137.96317596566524,-7.623563218390805,39.7930908203125,-86.23883819580078
,20,I_R07_2025-10-19,R1,kafka:gr-cup-raw,2025-10-18T13:22:36.511Z,GR86-016-55,0,2025-10-18 13:22:35.983000+00:00,GR86-016-55,55,101.486,0.0168346595932802,-0.1979929266136162,76.31666224580017,2.958443854995579,6445.324034334764,6.267849248452697,6.35500884173298,137.7369871794872,-7.1861184792219275,39.793174743652344,-86.23887634277344
,21,I_R07_2025-10-19,R1,kafka:gr-cup-raw,2025-10-18T13:24:16.579Z,GR86-016-55,0,2025-10-18 13:24:16.447000+00:00,GR86-016-55,55,100.464,0.0233652885052248,-0.2079127669241254,78.00438437074057,2.976374375283962,6474.535087719299,6.374029986369832,6.4761949114039075,139.07440789473685,-6.062426169922763,39.79314422607422,-86.2389144897461
,22,I_R07_2025-10-19,R1,kafka:gr-cup-raw,2025-10-18T13:25:58.317Z,GR86-016-55,0,2025-10-18 13:25:56.848000+00:00,GR86-016-55,55,100.401,0.0220013363028953,-0.2067639198218263,76.99086859688197,2.958129175946548,6516.8448275862065,6.544200445434298,6.645104677060134,139.4485129310345,-7.157104677060134,39.793094635009766,-86.23888397216797
,23,I_R07_2025-10-19,R1,kafka:gr-cup-raw,2025-10-18T13:27:37.585Z,GR86-016-55,0,2025-10-18 13:27:37.263000+00:00,GR86-016-55,55,100.415,0.0395128668171557,-0.2071787810383747,78.11553498871332,2.959367945823928,6535.969498910676,5.860501128668171,5.9444311512415355,139.27840958605665,-7.810970654627539,39.79313659667969,-86.23892974853516
,24,I_R07_2025-10-19,R1,kafka:gr-cup-raw,2025-10-18T13:29:20.090Z,GR86-016-55,0,2025-10-18 13:29:17.427000+00:00,GR86-016-55,55,100.164,0.0207713248638838,-0.2096406533575317,76.82480490018149,2.982304900181488,6517.923076923077,6.639199183303085,6.739228675136117,139.79059602649008,-6.849909255898367,39.79313659667969,-86.23887634277344
,25,I_R07_2025-10-19,R1,kafka:gr-cup-raw,2025-10-18T13:31:05.038Z,GR86-016-55,0,2025-10-18 13:30:59.469000+00:00,GR86-016-55,55,102.042,0.0214231606443186,-0.1936978667827601,74.82192424902046,2.91162385720505,6451.458773784355,5.921005659555943,6.017757945145843,136.55860169491527,-7.472268175881584,39.79314422607422,-86.23895263671875
,26,I_R07_2025-10-19,R1,kafka:gr-cup-raw,2025-10-18T13:32:41.256Z,GR86-016-55,0,2025-10-18 13:32:40.874000+00:00,GR86-016-55,55,101.405,0.0362952930728241,-0.2005803730017762,78.45134547069271,2.9484902309058616,6473.086021505376,6.0586234458259325,6.153381438721137,137.93924731182796,-5.430284191829485,39.79314804077149,-86.23882293701172
,27,I_R07_2025-10-19,R1,kafka:gr-cup-raw,2025-10-18T13:34:22.213Z,GR86-016-55,0,2025-10-18 13:34:21.767000+00:00,GR86-016-55,55,100.893,0.0214464763603925,-0.2183059768064228,77.9836128456735,2.931757359500446,6524.538626609442,6.75900089206066,6.8606801962533455,138.8624625267666,-7.683541480820696,39.79314804077149,-86.23886108398438
,28,I_R07_2025-10-19,R1,kafka:gr-cup-raw,2025-10-18T13:36:08.055Z,GR86-016-55,0,2025-10-18 13:36:04.271000+00:00,GR86-016-55,55,102.504,0.0204523172905525,-0.2024835115864527,77.65869429590018,2.8823529411764706,6448.873913043478,6.656882798573975,6.755140374331551,135.9930283224401,-9.214081996434938,39.79316329956055,-86.23888397216797
,3,I_R07_2025-10-19,R1,kafka:gr-cup-raw,2025-10-18T12:52:49.401Z,GR86-026-72,0,2025-10-18 12:52:46.745000+00:00,GR86-026-72,72,100.481,0.0101611738148984,-0.2306645598194131,73.99967494356659,3.0997742663656886,6354.7806451612905,6.007990970654628,6.14403611738149,139.59632258064516,-10.947133182844244,39.79312515258789,-86.23894500732422
,4,I_R07_2025-10-19,R1,kafka:gr-cup-raw,2025-10-18T12:54:33.301Z,GR86-026-72,0,2025-10-18 12:54:27.444000+00:00,GR86-026-72,72,100.699,0.0093743144424131,-0.2421855575868373,74.83294332723949,3.0690127970749543,6320.4686825054,7.616844149908592,7.752963893967093,138.17292207792207,-10.733546617915906,39.79311752319336,-86.23896789550781
,5,I_R07_2025-10-19,R1,kafka:gr-cup-raw,2025-10-18T12:56:10.176Z,GR86-026-72,0,2025-10-18 12:56:07.780000+00:00,GR86-026-72,72,100.296,0.0126279831539541,-0.2374852597098736,73.64059429106224,3.0865699578848855,6340.662222222222,6.966492746841366,7.095320542817033,139.04293333333334,-12.363968179691156,39.79315185546875,-86.23892974853516
,6,I_R07_2025-10-19,R1,kafka:gr-cup-raw,2025-10-18T12:57:54.132Z,GR86-026-72,0,2025-10-18 12:57:49.389000+00:00,GR86-026-72,72,101.609,0.0128458781362007,-0.2385219534050179,74.88883960573477,3.039874551971326,6347.452991452991,7.050374103942652,7.219802867383513,138.34735607675907,-10.958333333333334,39.79316329956055,-86.23876953125
,7,I_R07_2025-10-19,R1,kafka:gr-cup-raw,2025-10-18T12:59:41.465Z,GR86-026-72,0,2025-10-18 12:59:29.250000+00:00,GR86-026-72,72,99.861,0.0184768303985171,-0.2359976830398517,74.42521779425394,3.088507877664504,6346.792576419214,6.844974513438369,6.974511121408712,139.4704157549234,-11.48507877664504,39.79316329956055,-86.23896026611328
,8,I_R07_2025-10-19,R1,kafka:gr-cup-raw,2025-10-18T13:01:10.587Z,GR86-026-72,0,2025-10-18 13:01:09.880000+00:00,GR86-026-72,72,100.63,0.0136983546617915,-0.2583802559414991,76.08155850091408,3.114259597806216,6316.603448275862,7.538340950639854,7.668612888482632,139.29481641468684,-12.079433272394882,39.79309844970703,-86.23892974853516
,9,I_R07_2025-10-19,R1,kafka:gr-cup-raw,2025-10-18T13:02:50.837Z,GR86-026-72,0,2025-10-18 13:02:50.063000+00:00,GR86-026-72,72,100.183,0.0127271474506201,-0.2465369774919614,74.52683968764354,3.139182361047313,6280.181818181818,7.787820395039044,7.91646531924667,138.9273362445415,-12.932659623334866,39.79317092895508,-86.2388916015625
,10,I_R07_2025-10-19,R1,kafka:gr-cup-raw,2025-10-18T13:04:31.007Z,GR86-026-72,0,2025-10-18 13:04:30.363000+00:00,GR86-026-72,72,100.3,0.0189220119981541,-0.2335588371019843,73.25208121827411,3.1029072450392245,6330.593952483801,6.449803876326719,6.579946931241348,139.36028138528138,-10.97397323488694,39.79317092895508,-86.23887634277344
,11,I_R07_2025-10-19,R1,kafka:gr-cup-raw,2025-10-18T13:06:11.823Z,GR86-026-72,0,2025-10-18 13:06:11.264000+00:00,GR86-026-72,72,100.901,0.0277633763837638,-0.2310756457564575,74.97231088560886,3.0733394833948338,6316.652173913043,6.366978782287823,6.498929889298893,138.30963203463205,-11.817343173431734,39.79316711425781,-86.2388916015625
,12,I_R07_2025-10-19,R1,kafka:gr-cup-raw,2025-10-18T13:07:52.414Z,GR86-026-72,0,2025-10-18 13:07:51.854000+00:00,GR86-026-72,72,100.59,0.0161300182481751,-0.2284005474452554,73.55592153284671,3.0889598540145986,6309.911637931034,7.533585766423357,7.676254562043795,138.5315301724138,-11.223357664233578,39.79314804077149,-86.23885345458984
,18,I_R07_2025-10-19,R1,kafka:gr-cup-raw,2025-10-18T13:21:00.153Z,GR86-026-72,0,2025-10-18 13:20:54.271000+00:00,GR86-026-72,72,102.097,0.0067362099644128,-0.237961743772242,73.78463523131671,3.040035587188612,6295.310782241015,6.258818950177936,6.382528914590747,137.54306553911206,-11.677268683274022,39.79314422607422,-86.23896789550781
,19,I_R07_2025-10-19,R1,kafka:gr-cup-raw,2025-10-18T13:22:37.044Z,GR86-026-72,0,2025-10-18 13:22:36.347000+00:00,GR86-026-72,72,102.076,0.0057033747779751,-0.2260599467140319,72.61544404973357,3.049733570159858,6263.036016949152,6.459797957371226,6.580557282415631,137.12490486257929,-12.1955595026643,39.79315948486328,-86.23888397216797
,5,I_R07_2025-10-19,R1,kafka:gr-cup-raw,2025-10-18T12:54:59.946Z,GR86-013-80,0,2025-10-18 12:54:39.165000+00:00,GR86-013-80,80,101.908,0.0128299776286353,-0.2268447427293065,74.24607606263983,3.0371364653243846,6326.056155507559,7.90434451901566,7.97724384787472,138.0522030237581,-6.902326621923938,39.793121337890625,-86.23892974853516
,6,I_R07_2025-10-19,R1,kafka:gr-cup-raw,2025-10-18T12:56:22.466Z,GR86-013-80,0,2025-10-18 12:56:21.461000+00:00,GR86-013-80,80,102.296,0.0170079051383399,-0.2266556873078612,73.52635924462011,3.0061484409310495,6277.355319148936,7.223902064119455,7.309819938515591,136.39374468085106,-5.924418093983312,39.793087005615234,-86.23899841308594
,7,I_R07_2025-10-19,R1,kafka:gr-cup-raw,2025-10-18T12:58:11.315Z,GR86-013-80,0,2025-10-18 12:58:04.010000+00:00,GR86-013-80,80,102.549,0.021817190226876,-0.2198804537521815,75.02388307155323,3.0165794066317626,6268.4059829059825,7.538688917975567,7.614565881326352,136.28473347547975,-6.982024432809773,39.79310607910156,-86.23894500732422
,8,I_R07_2025-10-19,R1,kafka:gr-cup-raw,2025-10-18T12:59:46.643Z,GR86-013-80,0,2025-10-18 12:59:46.179000+00:00,GR86-013-80,80,102.169,0.0173686534216335,-0.2274490066225165,73.87164238410595,3.0450331125827814,6279.502127659574,8.0109293598234,8.099640176600442,137.17422174840084,-7.727682119205299,39.79314041137695,-86.23896789550781
,9,I_R07_2025-10-19,R1,kafka:gr-cup-raw,2025-10-18T13:01:31.619Z,GR86-013-80,0,2025-10-18 13:01:28.142000+00:00,GR86-013-80,80,101.963,0.0212592916484477,-0.2346602536073458,72.41959772627897,3.011805859204198,6319.502127659574,7.248023611718408,7.34295146480105,137.08997872340424,-7.654569304766069,39.79316711425781,-86.23896026611328
,11,I_R07_2025-10-19,R1,kafka:gr-cup-raw,2025-10-18T13:05:06.125Z,GR86-013-80,0,2025-10-18 13:05:05.717000+00:00,GR86-013-80,80,102.145,0.0130342374388617,-0.2217127612272121,72.41361049355268,3.0093374833259228,6292.742980561555,6.694922187638951,6.7806514006224985,136.85718614718613,-4.363139172965763,39.79312896728515,-86.23897552490234
,12,I_R07_2025-10-19,R1,kafka:gr-cup-raw,2025-10-18T13:06:54.274Z,GR86-013-80,0,2025-10-18 13:06:48.245000+00:00,GR86-013-80,80,102.528,0.0169641451683428,-0.2268504591167468,72.91864888500218,2.9890686488850022,6305.672995780591,6.669024923480542,6.754623961521644,136.20756355932204,-5.1802361171840845,39.79317855834961,-86.23895263671875
,13,I_R07_2025-10-19,R1,kafka:gr-cup-raw,2025-10-18T13:08:31.780Z,GR86-013-80,0,2025-10-18 13:08:30.388000+00:00,GR86-013-80,80,102.143,0.0113350993377483,-0.2233271523178808,71.95239735099338,2.9938189845474614,6317.755888650963,6.968896247240618,7.04835761589404,137.10081196581197,-3.2049889624724064,39.79313278198242,-86.23895263671875
,5,I_R07_2025-10-19,R1,kafka:gr-cup-raw,2025-10-18T12:54:58.758Z,GR86-049-88,0,2025-10-18 12:54:36.328000+00:00,GR86-049-88,88,101.804,0.0114461608359836,-0.2178509768287142,76.63482962289869,3.0545206724216265,6282.600858369099,7.913225806451612,8.031953657428442,137.57950854700854,-7.496501590186279,39.79315948486328,-86.23893737792969
,7,I_R07_2025-10-19,R1,kafka:gr-cup-raw,2025-10-18T12:58:10.765Z,GR86-049-88,0,2025-10-18 12:58:00.343000+00:00,GR86-049-88,88,100.796,0.0177470534904805,-0.2257669990933817,76.34821396192203,3.083408884859474,6312.328293736501,7.353034904805077,7.461257932910245,138.89881465517243,-6.840843155031732,39.79314804077149,-86.23893737792969
,8,I_R07_2025-10-19,R1,kafka:gr-cup-raw,2025-10-18T12:59:41.674Z,GR86-049-88,0,2025-10-18 12:59:40.757000+00:00,GR86-049-88,88,100.414,0.0117711397058823,-0.2398988970588235,75.6434512867647,3.0808823529411766,6323.054704595186,8.036066176470587,8.149632352941175,138.9468490153173,-6.834604779411765,39.79314041137695,-86.23894500732422
,9,I_R07_2025-10-19,R1,kafka:gr-cup-raw,2025-10-18T13:01:22.408Z,GR86-049-88,0,2025-10-18 13:01:21.740000+00:00,GR86-049-88,88,100.983,0.0170816044260027,-0.2229100968188105,71.89035500230521,3.1014292300599355,6278.490280777538,6.315373443983402,6.416678192715537,138.27032327586207,-5.659336099585063,39.793174743652344,-86.23894500732422
,10,I_R07_2025-10-19,R1,kafka:gr-cup-raw,2025-10-18T13:03:08.526Z,GR86-049-88,0,2025-10-18 13:03:03.089000+00:00,GR86-049-88,88,101.349,0.0133188940092165,-0.2247953917050691,72.98384331797236,3.0880184331797236,6279.084782608696,6.897947004608295,7.018451612903227,138.39185185185184,-4.434700460829493,39.79316329956055,-86.23893737792969
,12,I_R07_2025-10-19,R1,kafka:gr-cup-raw,2025-10-18T13:06:32.813Z,GR86-049-88,0,2025-10-18 13:06:28.376000+00:00,GR86-049-88,88,104.065,0.0147881705639614,-0.2295625859697386,72.24351673544246,3.0486015589179276,6260.356043956044,6.335110041265475,6.445302613480055,136.952149122807,-3.6839981659789087,39.79313659667969,-86.23895263671875
,13,I_R07_2025-10-19,R1,kafka:gr-cup-raw,2025-10-18T13:08:07.113Z,GR86-049-88,0,2025-10-18 13:08:06.889000+00:00,GR86-049-88,88,98.513,0.037511877037727,-0.2359827666511411,76.1846110852352,2.993945039590126,6313.801339285715,6.545761527713088,6.6477014438751745,136.6327455357143,-4.088588728458315,39.79415512084961,-86.23895263671875
,20,I_R07_2025-10-19,R1,kafka:gr-cup-raw,2025-10-18T13:22:41.412Z,GR86-049-88,0,2025-10-18 13:22:38.325000+00:00,GR86-049-88,88,100.982,0.0156240292370945,-0.2268894472361809,72.15088168113294,3.0735495660118777,6298.269978401728,7.437080858839653,7.540657834627684,138.45318279569892,-5.360392873458201,39.79317855834961,-86.2388916015625
,22,I_R07_2025-10-19,R1,kafka:gr-cup-raw,2025-10-18T13:26:07.046Z,GR86-049-88,0,2025-10-18 13:26:02.335000+00:00,GR86-049-88,88,101.014,0.027581986143187,-0.2374812933025404,74.05798152424943,3.0475750577367204,6284.9387308533915,6.5550531177829106,6.66372286374134,137.528779956427,-4.306235565819861,39.79319763183594,-86.23890686035156
,23,I_R07_2025-10-19,R1,kafka:gr-cup-raw,2025-10-18T13:27:44.422Z,GR86-049-88,0,2025-10-18 13:27:43.525000+00:00,GR86-049-88,88,101.19,0.0121880380607159,-0.2239537834164023,74.41917535115542,3.086542818305392,6296.489224137931,7.785525600362482,7.905448572723154,138.38299568965516,-0.936520163117354,39.79314041137695,-86.23894500732422
,24,I_R07_2025-10-19,R1,kafka:gr-cup-raw,2025-10-18T13:29:25.139Z,GR86-049-88,0,2025-10-18 13:29:24.353000+00:00,GR86-049-88,88,100.828,0.042029203956665,-0.2408172397550635,74.7338860103627,3.060292039566651,6296.015486725663,5.215814884597267,5.305812529439472,137.56565410199556,-5.641733396137541,39.793216705322266,-86.23893737792969
,27,I_R07_2025-10-19,R1,kafka:gr-cup-raw,2025-10-18T13:34:33.169Z,GR86-049-88,0,2025-10-18 13:34:29.943000+00:00,GR86-049-88,88,101.001,0.0142208333333333,-0.2288916666666666,75.52490277777778,3.0689814814814813,6327.224175824176,7.123849537037037,7.249831018518519,138.68712719298247,-3.5113425925925927,39.793155670166016,-86.23894500732422
,28,I_R07_2025-10-19,R1,kafka:gr-cup-raw,2025-10-18T13:36:12.861Z,GR86-049-88,0,2025-10-18 13:36:11.933000+00:00,GR86-049-88,88,101.99,0.0201372007366482,-0.2300883977900552,76.04171731123388,3.011510128913444,6275.944325481799,6.457048802946593,6.561841620626151,136.58638115631692,-3.5968232044198896,39.79316329956055,-86.23883819580078
,5,I_R07_2025-10-19,R1,kafka:gr-cup-raw,2025-10-18T12:54:58.829Z,GR86-028-89,0,2025-10-18 12:54:37.571000+00:00,GR86-028-89,89,102.697,0.0234367456414841,-0.2275060348681269,75.33413053196246,2.9968708091193563,6333.4635193133045,6.594682610639249,6.698808672329013,136.3770021413276,-8.95154224407689,39.79315185546875,-86.23896789550781
,7,I_R07_2025-10-19,R1,kafka:gr-cup-raw,2025-10-18T12:58:10.787Z,GR86-028-89,0,2025-10-18 12:58:01.878000+00:00,GR86-028-89,89,101.451,0.0085098814229249,-0.226798418972332,76.30058410188845,3.071585419411506,6275.394849785408,7.175441370223979,7.294097496706192,138.24346153846153,-7.887527448397014,39.79314422607422,-86.23895263671875
,8,I_R07_2025-10-19,R1,kafka:gr-cup-raw,2025-10-18T12:59:45.394Z,GR86-028-89,0,2025-10-18 12:59:43.745000+00:00,GR86-028-89,89,101.867,-0.0010647482014388,-0.2222504496402877,71.28545413669065,2.960431654676259,6362.073593073593,6.890924010791367,7.015638489208634,136.43180043383947,-5.960791366906475,39.79316329956055,-86.23896789550781
,9,I_R07_2025-10-19,R1,kafka:gr-cup-raw,2025-10-18T13:01:25.674Z,GR86-028-89,0,2025-10-18 13:01:25.348000+00:00,GR86-028-89,89,101.603,0.0009421560035056,-0.2277449605609115,73.79118317265556,3.0591586327782645,6292.420382165605,6.446733128834356,6.563726993865031,137.97382165605094,-6.565293602103418,39.793121337890625,-86.23896789550781
,10,I_R07_2025-10-19,R1,kafka:gr-cup-raw,2025-10-18T13:03:08.758Z,GR86-028-89,0,2025-10-18 13:03:07.679000+00:00,GR86-028-89,89,102.331,0.0042510879025239,-0.2250770234986945,73.71046127067015,3.047432550043516,6287.887473460722,6.691557876414274,6.820961705831158,137.33859574468084,-6.352915578764143,39.79310607910156,-86.23897552490234
,11,I_R07_2025-10-19,R1,kafka:gr-cup-raw,2025-10-18T13:04:49.686Z,GR86-028-89,0,2025-10-18 13:04:48.938000+00:00,GR86-028-89,89,101.259,0.0019393406593406,-0.2294008791208791,74.52158241758242,3.055824175824176,6302.619957537155,6.467404395604396,6.593221978021978,137.84592750533048,-7.213758241758241,39.79313278198242,-86.239013671875
,12,I_R07_2025-10-19,R1,kafka:gr-cup-raw,2025-10-18T13:06:32.865Z,GR86-028-89,0,2025-10-18 13:06:30.488000+00:00,GR86-028-89,89,101.55,0.0169622383985441,-0.2122570518653321,76.10359417652411,3.064149226569609,6316.0982532751095,5.600122838944495,5.718971792538671,138.39380743982494,-5.456551410373066,39.793121337890625,-86.2388916015625
,13,I_R07_2025-10-19,R1,kafka:gr-cup-raw,2025-10-18T13:08:13.103Z,GR86-028-89,0,2025-10-18 13:08:12.048000+00:00,GR86-028-89,89,101.56,0.0045164930555555,-0.2267703993055555,74.95001302083332,3.0655381944444446,6287.554140127389,6.641916232638889,6.766304253472223,137.91940552016985,-7.668185763888889,39.79312896728515,-86.23895263671875
,18,I_R07_2025-10-19,R1,kafka:gr-cup-raw,2025-10-18T13:19:16.406Z,GR86-028-89,0,2025-10-18 13:19:15.751000+00:00,GR86-028-89,89,103.74,-0.0019675324675324,-0.2231861471861471,75.30967965367965,2.9406926406926406,6335.701680672269,7.421380952380952,7.544339826839827,135.52502100840337,-8.273030303030303,39.79315948486328,-86.23887634277344
,19,I_R07_2025-10-19,R1,kafka:gr-cup-raw,2025-10-18T13:21:00.147Z,GR86-028-89,0,2025-10-18 13:20:57.979000+00:00,GR86-028-89,89,102.228,-0.0024528715475668,-0.2189451994739149,74.84953090749671,3.0245506356861025,6293.343949044586,8.462551512494521,8.580486628671636,137.16721276595746,-7.980227970188515,39.79316329956055,-86.23894500732422
,20,I_R07_2025-10-19,R1,kafka:gr-cup-raw,2025-10-18T13:22:41.376Z,GR86-028-89,0,2025-10-18 13:22:39.140000+00:00,GR86-028-89,89,101.161,0.0043083989501312,-0.2308696412948381,75.5394138232721,3.0669291338582676,6312.54255319149,6.999499125109361,7.111690726159231,138.44425213675214,-9.57790901137358,39.79310989379883,-86.23890686035156
,21,I_R07_2025-10-19,R1,kafka:gr-cup-raw,2025-10-18T13:24:24.657Z,GR86-028-89,0,2025-10-18 13:24:21.596000+00:00,GR86-028-89,89,102.456,0.0133878894251864,-0.2219254058797718,76.30918385256692,3.0184291355857833,6308.473347547974,7.487755594559018,7.611689337428698,136.7057112526539,-5.815533128565161,39.79309844970703,-86.23892974853516
,22,I_R07_2025-10-19,R1,kafka:gr-cup-raw,2025-10-18T13:26:07.026Z,GR86-028-89,0,2025-10-18 13:26:03.263000+00:00,GR86-028-89,89,101.667,0.0011681260945709,-0.2288568301225919,74.90087565674256,3.063047285464098,6288.953389830508,7.73744527145359,7.872429947460596,137.86261146496815,-8.782705779334501,39.79316329956055,-86.23892974853516
,23,I_R07_2025-10-19,R1,kafka:gr-cup-raw,2025-10-18T13:27:46.183Z,GR86-028-89,0,2025-10-18 13:27:45.534000+00:00,GR86-028-89,89,102.271,0.0113748355984217,-0.2223419552827707,74.99736080666375,3.0035072336694433,6323.346153846154,7.750646646207803,7.890398947829899,136.4817484008529,-4.229679964927663,39.79316711425781,-86.23893737792969
,24,I_R07_2025-10-19,R1,kafka:gr-cup-raw,2025-10-18T13:29:27.212Z,GR86-028-89,0,2025-10-18 13:29:26.976000+00:00,GR86-028-89,89,101.442,0.0066286215978928,-0.231622475856014,75.04174714661984,3.0474100087796314,6328.818376068376,6.929550043898156,7.051472783143108,138.30976545842216,-7.594820017559263,39.79311752319336,-86.23893737792969
,25,I_R07_2025-10-19,R1,kafka:gr-cup-raw,2025-10-18T13:31:08.536Z,GR86-028-89,0,2025-10-18 13:31:08.353000+00:00,GR86-028-89,89,101.377,0.0001805366075488,-0.2284615734424738,73.80914961346066,3.0673033196907684,6291.46420824295,7.990704865848113,8.136921327876307,138.1567320261438,-4.706639381537062,39.79317092895508,-86.23895263671875
,26,I_R07_2025-10-19,R1,kafka:gr-cup-raw,2025-10-18T13:32:52.236Z,GR86-028-89,0,2025-10-18 13:32:49.962000+00:00,GR86-028-89,89,101.577,0.0028930457746478,-0.2301395246478873,73.23315140845071,3.048855633802817,6291.46908315565,6.639194542253521,6.782891725352113,137.73420042643923,-5.608318661971831,39.79311752319336,-86.23884582519531
,11,I_R07_2025-10-19,R1,kafka:gr-cup-raw,2025-10-18T13:06:39.450Z,GR86-038-93,0,2025-10-18 13:06:39.193000+00:00,GR86-038-93,93,102.046,0.2710997292418773,-0.2429165162454873,74.89990974729243,3.042870036101083,6276.537313432836,8.550561823104694,8.678377707581227,137.2944989339019,-6.432265342960289,39.793113708496094,-86.2389907836914
,12,I_R07_2025-10-19,R1,kafka:gr-cup-raw,2025-10-18T13:08:22.237Z,GR86-038-93,0,2025-10-18 13:08:21.365000+00:00,GR86-038-93,93,102.172,0.279355795148248,-0.2404456424079065,75.0580503144654,3.030548068283917,6277.078891257996,8.03228661275831,8.152329290206648,136.97687234042553,-5.433288409703504,39.793174743652344,-86.23896789550781
,20,I_R07_2025-10-19,R1,kafka:gr-cup-raw,2025-10-18T13:24:29.235Z,GR86-038-93,0,2025-10-18 13:24:26.069000+00:00,GR86-038-93,93,102.443,0.2836217312894499,-0.2424990982867448,73.15416591523895,3.033814247069432,6269.490405117271,7.2046798917944095,7.3099346257889986,137.1385593220339,-7.7596032461677185,39.79310989379883,-86.23890686035156
,23,I_R07_2025-10-19,R1,kafka:gr-cup-raw,2025-10-18T13:29:35.041Z,GR86-038-93,0,2025-10-18 13:29:33.261000+00:00,GR86-038-93,93,102.381,0.2814868362338242,-0.2397460954930834,73.27047300312361,3.0267737617135206,6272.525531914894,7.170256581883088,7.2879361892012495,136.9180425531915,-8.072378402498884,39.79317855834961,-86.23892974853516
,27,I_R07_2025-10-19,R1,kafka:gr-cup-raw,2025-10-18T13:36:24.323Z,GR86-038-93,0,2025-10-18 13:36:23.788000+00:00,GR86-038-93,93,102.42,0.2800709156193896,-0.2481754937163375,74.18396768402155,3.02064631956912,6269.2335456475585,7.16818671454219,7.27769973070018,136.7600636942675,-7.378186714542191,39.793121337890625,-86.23885345458984
,5,I_R07_2025-10-19,R1,kafka:gr-cup-raw,2025-10-18T12:56:11.656Z,GR86-036-98,0,2025-10-18 12:56:10.266000+00:00,GR86-036-98,98,100.295,0.0178645492760392,-0.2095203176085941,76.16336758524054,3.0831387202241944,6291.534216335541,8.183479682391408,8.327209248014947,138.81348888888888,-5.324147594581971,39.79315948486328,-86.23900604248047
,7,I_R07_2025-10-19,R1,kafka:gr-cup-raw,2025-10-18T12:59:40.607Z,GR86-036-98,0,2025-10-18 12:59:32.881000+00:00,GR86-036-98,98,100.885,0.0266918819188191,-0.2266817343173431,75.27051199261993,3.074261992619926,6279.355263157895,6.685558118081182,6.804806273062731,138.02731441048036,-5.151568265682657,39.79314422607422,-86.23894500732422
,8,I_R07_2025-10-19,R1,kafka:gr-cup-raw,2025-10-18T13:01:19.588Z,GR86-036-98,0,2025-10-18 13:01:14.122000+00:00,GR86-036-98,98,101.241,0.0123714942528735,-0.2038491954022988,74.57737471264369,3.1039080459770116,6283.991360691145,8.19275632183908,8.333813793103449,138.6938876889849,-6.682850574712644,39.79313659667969,-86.23895263671875
,9,I_R07_2025-10-19,R1,kafka:gr-cup-raw,2025-10-18T13:02:55.572Z,GR86-036-98,0,2025-10-18 13:02:55.353000+00:00,GR86-036-98,98,101.231,0.0192844827586206,-0.2129029038112522,73.92151542649728,3.046279491833031,6281.8967741935485,7.095784936479129,7.22747504537205,137.36653846153845,-5.96002722323049,39.793155670166016,-86.2389144897461
,10,I_R07_2025-10-19,R1,kafka:gr-cup-raw,2025-10-18T13:04:36.599Z,GR86-036-98,0,2025-10-18 13:04:35.571000+00:00,GR86-036-98,98,100.218,0.023044912923923,-0.2123991750687442,76.91007791017415,3.0962419798350136,6319.268558951965,8.260073327222731,8.461255728689276,139.40032679738562,-5.940971585701192,39.79316711425781,-86.23896789550781
,11,I_R07_2025-10-19,R1,kafka:gr-cup-raw,2025-10-18T13:06:16.654Z,GR86-036-98,0,2025-10-18 13:06:15.670000+00:00,GR86-036-98,98,100.099,0.0179148737137511,-0.2195196445275959,76.00435453695042,3.097754911131899,6302.400442477876,8.817747895229187,9.23697380729654,139.2267477876106,-4.285968194574369,39.79313659667969,-86.23895263671875
,12,I_R07_2025-10-19,R1,kafka:gr-cup-raw,2025-10-18T13:07:56.369Z,GR86-036-98,0,2025-10-18 13:07:56.071000+00:00,GR86-036-98,98,100.401,0.0135072595281306,-0.2290467332123412,74.83153811252268,3.1007259528130673,6305.9698275862065,8.198949637023594,8.342354809437387,139.22232258064517,-4.706896551724138,39.793155670166016,-86.23894500732422
,17,I_R07_2025-10-19,R1,kafka:gr-cup-raw,2025-10-18T13:19:14.358Z,GR86-036-98,0,2025-10-18 13:19:13.753000+00:00,GR86-036-98,98,103.179,0.0086792618629173,-0.2124986818980667,76.8809402460457,2.9556239015817223,6314.199579831933,7.869885764499122,7.999250878734623,136.0677731092437,-4.40566783831283,39.79314804077149,-86.23889923095703
,22,I_R07_2025-10-19,R1,kafka:gr-cup-raw,2025-10-18T13:27:42.655Z,GR86-036-98,0,2025-10-18 13:27:41.970000+00:00,GR86-036-98,98,100.277,0.0296715596330275,-0.2167830275229357,77.31604587155964,3.0834862385321102,6300.25,8.10548623853211,8.233866972477065,138.62301969365427,-4.4761467889908255,39.79317092895508,-86.23892974853516
,23,I_R07_2025-10-19,R1,kafka:gr-cup-raw,2025-10-18T13:29:24.298Z,GR86-036-98,0,2025-10-18 13:29:22.342000+00:00,GR86-036-98,98,100.372,0.0170727355901189,-0.2315343092406221,77.21292772186642,3.0827996340347665,6326.839826839827,8.91696935041171,9.060377401646845,139.3762987012987,-5.727950594693505,39.79313278198242,-86.23892974853516
,24,I_R07_2025-10-19,R1,kafka:gr-cup-raw,2025-10-18T13:31:05.127Z,GR86-036-98,0,2025-10-18 13:31:03.064000+00:00,GR86-036-98,98,100.722,0.0194578804347826,-0.2323224637681159,76.97143115942029,3.104619565217391,6315.207708779443,8.064288949275362,8.199977355072463,139.22820128479657,-5.006340579710145,39.7931022644043,-86.23892974853516
,25,I_R07_2025-10-19,R1,kafka:gr-cup-raw,2025-10-18T13:32:45.747Z,GR86-036-98,0,2025-10-18 13:32:43.479000+00:00,GR86-036-98,98,100.415,0.011390788873689,-0.2225079799361605,76.82196990424076,3.0788873689010487,6321.792656587473,8.386691746466028,8.51937756497948,138.9326406926407,-5.108983128134975,39.793182373046875,-86.23882293701172
,26,I_R07_2025-10-19,R1,kafka:gr-cup-raw,2025-10-18T13:34:24.485Z,GR86-036-98,0,2025-10-18 13:34:24.161000+00:00,GR86-036-98,98,100.682,0.019336669699727,-0.2319408553230209,76.41152411282984,3.1041856232939034,6277.598272138229,7.537468152866242,7.666244313011829,138.84695464362852,-4.0953594176524115,39.79314041137695,-86.2388687133789
,27,I_R07_2025-10-19,R1,kafka:gr-cup-raw,2025-10-18T13:36:08.071Z,GR86-036-98,0,2025-10-18 13:36:05.234000+00:00,GR86-036-98,98,101.073,0.0097683310841205,-0.2249266756635177,74.40733243364822,3.0562303193882143,6335.976445396145,8.087748538011695,8.23135852451642,138.22051391862956,-5.929239766081872,39.79314041137695,-86.2388916015625
,5,I_R07_2025-10-19,R1,kafka:gr-cup-raw,2025-10-18T12:54:59.277Z,GR86-063-113,0,2025-10-18 12:54:38.330000+00:00,GR86-063-113,113,104.662,0.0151567198177676,-0.2331858769931662,75.49556264236902,3.0405466970387245,6366.717391304348,6.648874715261959,6.732148063781321,138.76660130718955,-7.395307517084283,39.79316711425781,-86.23894500732422
,6,I_R07_2025-10-19,R1,kafka:gr-cup-raw,2025-10-18T12:56:16.518Z,GR86-063-113,0,2025-10-18 12:56:15.539000+00:00,GR86-063-113,113,97.209,0.0131879664179104,-0.2415401119402984,74.97068097014926,2.982742537313433,6346.907488986784,6.716014458955224,6.804671175373135,136.9942256637168,-7.048880597014926,39.79441833496094,-86.23896789550781
,7,I_R07_2025-10-19,R1,kafka:gr-cup-raw,2025-10-18T12:58:10.898Z,GR86-063-113,0,2025-10-18 12:57:56.916000+00:00,GR86-063-113,113,101.377,0.0135972350230414,-0.2380981566820276,76.49344239631336,2.992626728110599,6345.912087912088,7.549013824884793,7.640771889400921,137.7667400881057,-5.868341013824884,39.79317092895508,-86.23895263671875
,8,I_R07_2025-10-19,R1,kafka:gr-cup-raw,2025-10-18T12:59:41.490Z,GR86-063-113,0,2025-10-18 12:59:38.234000+00:00,GR86-063-113,113,101.318,0.0116764427625354,-0.2442937559129612,74.9907095553453,2.992904446546831,6379.442477876106,7.295314569536424,7.386218070009461,137.6291814159292,-5.901371807000946,39.793216705322266,-86.23894500732422
,9,I_R07_2025-10-19,R1,kafka:gr-cup-raw,2025-10-18T13:01:19.976Z,GR86-063-113,0,2025-10-18 13:01:18.761000+00:00,GR86-063-113,113,100.527,0.0177876554583141,-0.2325872869645324,76.29666052510363,3.0059880239520957,6354.218340611354,6.751236757254721,6.836713496084753,137.74669584245075,-4.5567941040994935,39.79322814941406,-86.23893737792969
,10,I_R07_2025-10-19,R1,kafka:gr-cup-raw,2025-10-18T13:03:01.346Z,GR86-063-113,0,2025-10-18 13:02:59.912000+00:00,GR86-063-113,113,101.151,0.0115480459770114,-0.2189140229885057,75.88492413793104,3.013333333333333,6360.481400437637,6.715855172413793,6.812843678160919,138.141466083151,-5.5697011494252875,39.79315185546875,-86.23894500732422
,11,I_R07_2025-10-19,R1,kafka:gr-cup-raw,2025-10-18T13:04:42.364Z,GR86-063-113,0,2025-10-18 13:04:40.832000+00:00,GR86-063-113,113,100.92,0.0327624592454587,-0.2330489054494643,77.13916627852818,3.030740568234746,6368.986813186813,5.654401490451793,5.732182114578482,138.43218818380743,-5.760363297624592,39.793155670166016,-86.23895263671875
,12,I_R07_2025-10-19,R1,kafka:gr-cup-raw,2025-10-18T13:06:25.680Z,GR86-063-113,0,2025-10-18 13:06:21.938000+00:00,GR86-063-113,113,101.106,0.0072718535469107,-0.220095652173913,75.65283752860412,3.014187643020595,6343.107991360691,7.665215102974828,7.768144164759725,138.62672451193058,-5.649931350114417,39.79315948486328,-86.23893737792969
,13,I_R07_2025-10-19,R1,kafka:gr-cup-raw,2025-10-18T13:08:03.926Z,GR86-063-113,0,2025-10-18 13:08:02.983000+00:00,GR86-063-113,113,101.045,0.0137177011494252,-0.2165425287356322,77.28049655172413,3.0239080459770116,6369.045751633987,7.608218390804597,7.711344827586206,138.86565217391305,-5.505793103448276,39.79316329956055,-86.23893737792969
,18,I_R07_2025-10-19,R1,kafka:gr-cup-raw,2025-10-18T13:19:14.578Z,GR86-063-113,0,2025-10-18 13:19:13.949000+00:00,GR86-063-113,113,102.82,0.0129233495790872,-0.2179419583517944,76.62023039432874,3.007975188303057,6266.437632135307,6.336787771377936,6.43123393885689,136.06206382978723,-5.665307930881702,39.79315948486328,-86.2388916015625
,19,I_R07_2025-10-19,R1,kafka:gr-cup-raw,2025-10-18T13:21:00.205Z,GR86-063-113,0,2025-10-18 13:20:57.364000+00:00,GR86-063-113,113,103.415,0.0104802158273381,-0.2260930755395683,73.08148830935252,3.004496402877698,6264.869936034115,5.994554856115108,6.088158723021583,136.4751282051282,-6.329586330935252,39.79315185546875,-86.23888397216797
,20,I_R07_2025-10-19,R1,kafka:gr-cup-raw,2025-10-18T13:22:41.407Z,GR86-063-113,0,2025-10-18 13:22:37.634000+00:00,GR86-063-113,113,100.27,0.0203572088724584,-0.2391529574861368,74.52890480591496,2.985212569316081,6324.4276315789475,5.897654805914972,5.985748613678373,137.22083333333333,-5.746118299445471,39.79332733154297,-86.2388916015625
,22,I_R07_2025-10-19,R1,kafka:gr-cup-raw,2025-10-18T13:26:07.065Z,GR86-063-113,0,2025-10-18 13:26:01.863000+00:00,GR86-063-113,113,101.524,0.0117362637362637,-0.2345778388278388,74.57754578754579,2.9913003663003663,6354.759219088937,6.042518315018316,6.12959706959707,137.96261437908498,-5.592445054945054,39.79314422607422,-86.23890686035156
,23,I_R07_2025-10-19,R1,kafka:gr-cup-raw,2025-10-18T13:27:43.107Z,GR86-063-113,0,2025-10-18 13:27:42.467000+00:00,GR86-063-113,113,100.604,0.0288347417840375,-0.242481220657277,75.82827230046948,3.0605633802816903,6364.490022172949,5.582584507042254,5.662969483568075,138.97276548672568,-7.045305164319249,39.79314804077149,-86.23892211914062
,24,I_R07_2025-10-19,R1,kafka:gr-cup-raw,2025-10-18T13:29:27.724Z,GR86-063-113,0,2025-10-18 13:29:27.088000+00:00,GR86-063-113,113,104.621,0.0143619489559164,-0.2321972157772621,75.60664965197215,3.0324825986078885,6337.8026315789475,6.857909512761021,6.954477958236659,138.35593406593406,-6.11308584686775,39.79315948486328,-86.23892211914062
,25,I_R07_2025-10-19,R1,kafka:gr-cup-raw,2025-10-18T13:31:05.431Z,GR86-063-113,0,2025-10-18 13:31:03.952000+00:00,GR86-063-113,113,96.864,0.0126859623733719,-0.2318837433671008,75.67610709117221,2.9889049686444764,6350.855555555556,7.529356005788712,7.640494452484322,137.41409799554566,-4.942595272551857,39.79465103149414,-86.23895263671875
,26,I_R07_2025-10-19,R1,kafka:gr-cup-raw,2025-10-18T13:32:45.895Z,GR86-063-113,0,2025-10-18 13:32:44.868000+00:00,GR86-063-113,113,100.916,0.0178721565059144,-0.2325941765241128,76.57530937215651,3.060964513193813,6344.978448275862,6.984160600545951,7.087318016378526,138.671403887689,-6.633303002729754,39.793182373046875,-86.23884582519531
,27,I_R07_2025-10-19,R1,kafka:gr-cup-raw,2025-10-18T13:34:26.794Z,GR86-063-113,0,2025-10-18 13:34:26.241000+00:00,GR86-063-113,113,101.373,0.0145342093339374,-0.2245903942002718,74.67706388763027,3.0267331218849116,6340.0344086021505,6.190312641594925,6.291037607612143,138.00797413793103,-5.743180788400544,39.79316329956055,-86.2388687133789
,28,I_R07_2025-10-19,R1,kafka:gr-cup-raw,2025-10-18T13:36:08.360Z,GR86-063-113,0,2025-10-18 13:36:07.758000+00:00,GR86-063-113,113,101.517,0.0163042688465031,-0.2272007266121707,73.54001816530426,3.005903723887375,6342.265524625268,5.926934604904632,6.019162125340599,138.1037393162393,-5.296866485013624,39.79316329956055,-86.23889923095703
